InvestorID,Name,Affiliation,Contact Information,Email,Phone,Net Worth
inv456,Olivier Standring,Katz,"[{},{}]",ostandring0@geocities.com,441-371-7852,2808604.81
inv123,Georgi Sainsberry,Dynabox,"[{},{}]",gsainsberry1@accuweather.com,259-707-0361,782900.4
inv456,Bliss Maylour,Shuffletag,"[{},{}]",bmaylour2@zdnet.com,951-932-1512,2354237.15
inv123,Cecil Gosker,Roodel,"[{},{}]",cgosker3@cam.ac.uk,951-411-4804,3182490.31
inv456,Dacia Lenihan,Jabbersphere,"[{},{}]",dlenihan4@mtv.com,378-101-5979,9540685.69
inv123,Yuri Jurges,Gigazoom,"[{},{}]",yjurges5@java.com,701-123-7228,936286.53
inv456,Porty Capron,Livepath,"[{},{}]",pcapron6@goo.gl,374-301-1878,7191563.55
inv456,Thedrick Jakeman,Bubbletube,"[{},{}]",tjakeman7@dell.com,635-476-2582,7512133.44
inv456,Johnathon Braundt,Skimia,"[{},{}]",jbraundt8@marriott.com,328-136-7054,4853638.47
inv789,Kirsteni Lickess,Flashset,"[{},{}]",klickess9@mac.com,490-435-8637,1938948.1
inv789,Jake McKinnell,Realmix,"[{},{}]",jmckinnella@moonfruit.com,861-871-0249,766346.18
inv789,Cherrita Dene,Yakitri,"[{},{}]",cdeneb@redcross.org,482-936-4681,7140706.66
inv123,Mellie Keford,Vitz,"[{},{}]",mkefordc@nsw.gov.au,217-708-7292,7877646.84
inv789,Adel McGray,Omba,"[{},{}]",amcgrayd@storify.com,589-878-0172,1947152.99
inv789,Gilbert James,Realblab,"[{},{}]",gjamese@ifeng.com,285-578-9276,8452921.1
inv123,Rosita Charlewood,Devpoint,"[{},{}]",rcharlewoodf@vistaprint.com,524-886-5105,9898861.58
inv123,Madlen Shivlin,Zoozzy,"[{},{}]",mshivling@goodreads.com,660-208-6387,6478304.05
inv456,Fawnia Blanshard,Topdrive,"[{},{}]",fblanshardh@reference.com,302-697-1535,3605111.0
inv123,Cecily Bramwich,Devbug,"[{},{}]",cbramwichi@hao123.com,297-788-5984,7195748.74
inv123,Gasper Fidge,Viva,"[{},{}]",gfidgej@about.com,312-777-6816,5533628.87
inv456,Kristan McErlaine,Janyx,"[{},{}]",kmcerlainek@theatlantic.com,408-485-4440,6802642.36
inv123,Joshua Nickols,Realbuzz,"[{},{}]",jnickolsl@microsoft.com,169-137-8337,1588341.7
inv123,Grenville Wolfart,Mita,"[{},{}]",gwolfartm@ihg.com,900-118-8296,6033414.26
inv789,Ludovika Grimoldby,Cogibox,"[{},{}]",lgrimoldbyn@dyndns.org,473-236-0686,6033398.13
inv456,Leonerd Hockey,Devify,"[{},{}]",lhockeyo@timesonline.co.uk,743-176-0957,7979877.36
inv123,Artemis Prier,Yombu,"[{},{}]",aprierp@google.it,947-831-7022,2220168.84
inv456,Laurens Warrell,Zoomlounge,"[{},{}]",lwarrellq@wikia.com,619-725-2305,5649722.85
inv123,Astra Simonutti,Mita,"[{},{}]",asimonuttir@disqus.com,490-615-4329,7510357.13
inv123,Stuart Cordle,Photolist,"[{},{}]",scordles@timesonline.co.uk,897-243-1935,8419347.75
inv123,Murvyn Skune,Gabtune,"[{},{}]",mskunet@ed.gov,623-498-0372,7318972.36
inv789,Quentin Durber,Tekfly,"[{},{}]",qdurberu@cafepress.com,456-987-0598,4459568.6
inv123,Ber Lynagh,Jaxbean,"[{},{}]",blynaghv@webeden.co.uk,273-495-2966,6074239.88
inv789,Tracee Eddington,Yakitri,"[{},{}]",teddingtonw@bloglovin.com,758-596-2995,3182293.33
inv789,Elsbeth Lummus,Feedfire,"[{},{}]",elummusx@virginia.edu,890-660-7193,4594910.94
inv123,Georgianna Orehead,Twitterlist,"[{},{}]",goreheady@howstuffworks.com,753-667-7162,6161605.04
inv123,Ryan Iorizzo,Shuffledrive,"[{},{}]",riorizzoz@soup.io,469-139-1864,9324785.71
inv789,Vachel Bundy,Dynava,"[{},{}]",vbundy10@yahoo.com,966-778-2889,8766333.4
inv789,Eugene Broxap,Rhyzio,"[{},{}]",ebroxap11@about.me,645-694-9363,3284837.2
inv789,Wald Seifert,Rhynoodle,"[{},{}]",wseifert12@patch.com,889-433-1051,2194246.54
inv456,Shari Tether,Tazzy,"[{},{}]",stether13@columbia.edu,523-797-2251,5361070.28
inv789,Charlie Stansbury,Demizz,"[{},{}]",cstansbury14@theguardian.com,515-723-0335,6943865.32
inv789,Avictor Seymer,Buzzdog,"[{},{}]",aseymer15@unc.edu,870-550-8584,904729.95
inv456,Cicely Mattersey,Digitube,"[{},{}]",cmattersey16@shutterfly.com,240-241-2348,8453092.18
inv456,Shawnee Boughtflower,Wikido,"[{},{}]",sboughtflower17@microsoft.com,174-402-0222,9781479.44
inv789,Hedda Chipchase,Riffpedia,"[{},{}]",hchipchase18@foxnews.com,885-323-7748,3622520.51
inv123,Marcille Benzie,Lazzy,"[{},{}]",mbenzie19@dailymail.co.uk,910-515-4183,3147620.13
inv456,Kristofor Androlli,Vimbo,"[{},{}]",kandrolli1a@quantcast.com,321-922-2101,5311759.27
inv456,August Von Der Empten,Mynte,"[{},{}]",avon1b@1688.com,884-482-2257,2024982.81
inv456,Julee Abbado,Lazz,"[{},{}]",jabbado1c@privacy.gov.au,730-350-3336,4783653.62
inv789,Jocko Coniam,Reallinks,"[{},{}]",jconiam1d@redcross.org,763-458-9904,5167011.22
inv789,Goldi Austwick,Devbug,"[{},{}]",gaustwick1e@auda.org.au,205-541-4548,5106468.89
inv123,Mead Ramos,Zoombeat,"[{},{}]",mramos1f@state.gov,612-444-7002,7848251.18
inv456,Ancell Lundy,Wikido,"[{},{}]",alundy1g@cornell.edu,293-702-6810,432887.91
inv789,Lazare Tanzig,Realbuzz,"[{},{}]",ltanzig1h@epa.gov,162-344-7692,6080037.63
inv789,Basia Probyn,Meeveo,"[{},{}]",bprobyn1i@4shared.com,233-161-4344,7498404.71
inv456,Garv Proudman,Voonyx,"[{},{}]",gproudman1j@hexun.com,686-219-9490,2124840.94
inv123,Rik Olding,Rhynyx,"[{},{}]",rolding1k@geocities.com,426-883-6272,2116146.12
inv456,Brody Chese,Youfeed,"[{},{}]",bchese1l@wisc.edu,764-134-5504,8209063.86
inv789,Jeffrey Josefsson,Buzzster,"[{},{}]",jjosefsson1m@wordpress.com,253-696-8729,9109416.06
inv123,Rosalyn Ajean,Devshare,"[{},{}]",rajean1n@independent.co.uk,714-953-4950,3107162.93
inv789,Maryjane Risely,Centimia,"[{},{}]",mrisely1o@example.com,473-788-7716,9483371.93
inv456,Halimeda Mattiuzzi,Youfeed,"[{},{}]",hmattiuzzi1p@cnn.com,451-650-6137,148571.07
inv456,Ruperto Bonnin,Jayo,"[{},{}]",rbonnin1q@jiathis.com,925-797-1182,996935.29
inv456,Randall Flavelle,Kamba,"[{},{}]",rflavelle1r@independent.co.uk,179-686-9366,4606797.08
inv789,Kelsi Maher,Agivu,"[{},{}]",kmaher1s@house.gov,403-417-3291,4457664.97
inv123,Dulsea Noble,Dynazzy,"[{},{}]",dnoble1t@nytimes.com,441-745-8706,7130839.75
inv456,Lavena Slee,Skivee,"[{},{}]",lslee1u@webmd.com,785-780-4929,6835071.76
inv123,Valma Buckston,Dabshots,"[{},{}]",vbuckston1v@smugmug.com,562-765-0924,3852288.36
inv123,Dicky Accombe,Realbuzz,"[{},{}]",daccombe1w@seesaa.net,194-250-7335,6619582.04
inv789,Meredith Espada,Agimba,"[{},{}]",mespada1x@baidu.com,680-333-5915,8125343.21
inv456,Brander Yitzowitz,Twimbo,"[{},{}]",byitzowitz1y@cpanel.net,580-991-7553,5586469.29
inv123,Weston Causon,Einti,"[{},{}]",wcauson1z@photobucket.com,900-471-9371,2161082.37
inv456,Reggy Fawltey,Blogtags,"[{},{}]",rfawltey20@usda.gov,124-820-1742,5497792.02
inv789,Dorri Chesson,Oyoba,"[{},{}]",dchesson21@angelfire.com,800-927-3765,446516.53
inv789,Marylee Geach,Realfire,"[{},{}]",mgeach22@toplist.cz,896-304-4551,7462861.49
inv456,Briana Morkham,Kazio,"[{},{}]",bmorkham23@examiner.com,684-588-9682,8030933.26
inv123,Jarib Nangle,Twinte,"[{},{}]",jnangle24@ustream.tv,988-522-2316,6907045.61
inv456,Fabio Dunsmuir,Divanoodle,"[{},{}]",fdunsmuir25@google.pl,187-683-5761,5449374.51
inv123,Conant Plewman,Centidel,"[{},{}]",cplewman26@imageshack.us,254-595-2680,1052311.28
inv789,Everard Gilford,Oyonder,"[{},{}]",egilford27@google.com.br,666-143-5974,4113305.87
inv789,Padget Klimkovich,Thoughtbridge,"[{},{}]",pklimkovich28@reddit.com,936-850-4596,8182442.99
inv456,Valerye Batchelar,Viva,"[{},{}]",vbatchelar29@ovh.net,107-141-5671,9060180.5
inv456,Reuven Michal,Wordtune,"[{},{}]",rmichal2a@1688.com,634-902-4169,8381140.44
inv789,Kendal Antley,Roomm,"[{},{}]",kantley2b@china.com.cn,755-440-5368,6381362.93
inv123,Henderson Weedon,Skinte,"[{},{}]",hweedon2c@networksolutions.com,481-213-0212,8455843.62
inv123,Silvana Valler,Pixope,"[{},{}]",svaller2d@bizjournals.com,993-707-4836,6448066.59
inv123,Saundra Jansie,Oba,"[{},{}]",sjansie2e@biblegateway.com,363-171-3359,7591479.03
inv123,Jeth Vogel,Demimbu,"[{},{}]",jvogel2f@engadget.com,115-218-8117,742532.53
inv123,Lisabeth Hinks,Meedoo,"[{},{}]",lhinks2g@hatena.ne.jp,223-829-3679,5197503.34
inv789,Reggie Stredwick,Youtags,"[{},{}]",rstredwick2h@howstuffworks.com,837-186-5661,6952470.77
inv456,Kelsy Tilney,Demimbu,"[{},{}]",ktilney2i@utexas.edu,706-866-9893,116987.79
inv789,Alaric Leaning,Divavu,"[{},{}]",aleaning2j@cbslocal.com,167-244-4162,7204526.11
inv456,Felicle Braghini,Yata,"[{},{}]",fbraghini2k@bravesites.com,656-789-2179,4836505.85
inv456,Morten Gerner,Skibox,"[{},{}]",mgerner2l@godaddy.com,851-178-4203,7888333.9
inv456,Ivar Lewis,Jayo,"[{},{}]",ilewis2m@gmpg.org,397-547-6578,5072517.57
inv123,Giuditta Bailes,Jayo,"[{},{}]",gbailes2n@cdbaby.com,609-290-4772,1473358.91
inv123,Novelia MacLaig,Vimbo,"[{},{}]",nmaclaig2o@princeton.edu,238-699-9242,2288084.49
inv123,Iormina Wedgwood,Oyoba,"[{},{}]",iwedgwood2p@163.com,403-983-0486,4529470.34
inv123,Englebert Wilfling,Quire,"[{},{}]",ewilfling2q@blogspot.com,126-687-5091,544847.12
inv123,Elmore McDool,Blogtags,"[{},{}]",emcdool2r@twitter.com,568-425-0157,2340127.45
inv123,Georgie Wreak,Yadel,"[{},{}]",gwreak2s@craigslist.org,294-503-3508,7918849.81
inv123,Celestine di Rocca,Roomm,"[{},{}]",cdi2t@bizjournals.com,528-911-1358,126658.53
inv123,Stanley Kedge,Abatz,"[{},{}]",skedge2u@gmpg.org,688-552-5873,3894909.04
inv123,Oates Seide,Roodel,"[{},{}]",oseide2v@storify.com,506-833-0973,8653975.21
inv789,Shelby Lacknor,Skimia,"[{},{}]",slacknor2w@edublogs.org,815-621-9517,1740476.26
inv456,Ancell Ruseworth,Eayo,"[{},{}]",aruseworth2x@bloglovin.com,596-280-1305,1780987.03
inv789,Stavros Lusty,Yambee,"[{},{}]",slusty2y@earthlink.net,755-441-4036,5247554.41
inv789,Mirilla Bambridge,Youopia,"[{},{}]",mbambridge2z@netlog.com,667-847-3431,6693790.28
inv456,Darlleen Grelik,Dynazzy,"[{},{}]",dgrelik30@qq.com,484-779-6697,8428241.64
inv123,Ernestus Stubbins,Dazzlesphere,"[{},{}]",estubbins31@blinklist.com,720-739-0318,1808029.85
inv123,Amandi Yarrell,Tagpad,"[{},{}]",ayarrell32@cargocollective.com,760-415-7829,708445.96
inv456,Jeffry Cahan,Brightbean,"[{},{}]",jcahan33@liveinternet.ru,813-411-4165,3127521.84
inv123,Roselle Grebbin,Latz,"[{},{}]",rgrebbin34@howstuffworks.com,531-916-2885,7876105.41
inv456,Annnora Missen,Twitterbeat,"[{},{}]",amissen35@weebly.com,247-634-5456,209959.67
inv456,Gilles Cready,Meejo,"[{},{}]",gcready36@google.it,296-510-9257,8447106.79
inv789,Danila Hunnywell,Abata,"[{},{}]",dhunnywell37@marketwatch.com,760-613-7033,5386065.13
inv789,Tersina Yetton,Meevee,"[{},{}]",tyetton38@usgs.gov,895-798-5254,5136067.16
inv456,Joanne Philipsohn,Kwilith,"[{},{}]",jphilipsohn39@baidu.com,216-383-3475,1604203.48
inv789,Horatia Soame,Jatri,"[{},{}]",hsoame3a@seesaa.net,190-245-0251,4565724.56
inv123,Alameda Moxsom,Eidel,"[{},{}]",amoxsom3b@soundcloud.com,140-868-9996,9529700.48
inv456,Bill Curado,Brightdog,"[{},{}]",bcurado3c@ask.com,215-243-4760,4954760.61
inv789,Norrie Wysome,Tazz,"[{},{}]",nwysome3d@prweb.com,455-985-5628,2529120.62
inv789,Aubrey Goodson,Zooxo,"[{},{}]",agoodson3e@psu.edu,204-406-8089,5125316.88
inv789,Booth Enric,Skibox,"[{},{}]",benric3f@answers.com,426-181-6658,1797654.07
inv123,Etti Herion,Jabbersphere,"[{},{}]",eherion3g@jimdo.com,257-446-7952,2273026.75
inv789,Mitchel Gwioneth,Katz,"[{},{}]",mgwioneth3h@dedecms.com,973-488-1550,6696138.38
inv123,Annie Kilbane,Voonder,"[{},{}]",akilbane3i@nature.com,454-649-5486,2126038.05
inv456,Cordey Twyning,Agimba,"[{},{}]",ctwyning3j@washingtonpost.com,969-262-8948,4434266.9
inv789,Kassie Wrist,Blognation,"[{},{}]",kwrist3k@japanpost.jp,843-451-1809,990943.32
inv123,Bruno Barfield,Linkbridge,"[{},{}]",bbarfield3l@plala.or.jp,381-248-7267,4501137.47
inv123,Andra Mence,Rhycero,"[{},{}]",amence3m@uiuc.edu,223-546-3203,1468378.72
inv456,Elayne Cardenas,Tagcat,"[{},{}]",ecardenas3n@reddit.com,276-777-0854,7996552.05
inv123,Beret Ruffler,Nlounge,"[{},{}]",bruffler3o@prlog.org,200-364-2786,7434876.1
inv789,Ronni Bountiff,Voomm,"[{},{}]",rbountiff3p@flickr.com,621-902-7242,1826030.3
inv789,Jamaal Dando,Eazzy,"[{},{}]",jdando3q@virginia.edu,845-664-3570,8505495.72
inv789,Powell Loddy,Talane,"[{},{}]",ploddy3r@oracle.com,341-343-0380,6837326.12
inv123,Margaret Everly,Skipstorm,"[{},{}]",meverly3s@businessweek.com,694-348-2847,1723855.01
inv123,Jinny Meco,Brainlounge,"[{},{}]",jmeco3t@home.pl,395-100-7279,5320204.79
inv789,Silas Josselsohn,Gigabox,"[{},{}]",sjosselsohn3u@example.com,912-841-6694,7028683.86
inv123,Lelia Grimolbie,Jaxnation,"[{},{}]",lgrimolbie3v@gov.uk,803-834-2481,6483647.61
inv456,Pansie Klus,Janyx,"[{},{}]",pklus3w@illinois.edu,228-499-0940,7273065.98
inv789,Mikael Iacavone,Skyble,"[{},{}]",miacavone3x@fastcompany.com,743-302-4884,8039631.52
inv789,Tudor Cruz,Flipbug,"[{},{}]",tcruz3y@hibu.com,901-296-7872,8982072.49
inv456,Towny Forker,JumpXS,"[{},{}]",tforker3z@dot.gov,993-672-2657,2777595.64
inv123,Ferdy Jozefiak,Devcast,"[{},{}]",fjozefiak40@walmart.com,602-640-0885,9775190.48
inv123,Webb Beaze,Cogibox,"[{},{}]",wbeaze41@webmd.com,218-778-1775,9057253.82
inv123,Rustin Millis,Oyonder,"[{},{}]",rmillis42@sphinn.com,654-277-5601,8323793.0
inv123,Suzanne Beton,Yodo,"[{},{}]",sbeton43@deviantart.com,101-848-4945,9230692.78
inv789,Adrianne Hymas,Gevee,"[{},{}]",ahymas44@creativecommons.org,166-180-4642,3999382.77
inv456,Priscella Millmoe,Browsecat,"[{},{}]",pmillmoe45@a8.net,523-101-6306,594982.18
inv789,Tann Cullagh,Gigabox,"[{},{}]",tcullagh46@pen.io,713-690-7712,6150758.3
inv456,Ainslie Wasteney,Devify,"[{},{}]",awasteney47@vkontakte.ru,937-652-1716,3985297.27
inv123,Leah Speed,DabZ,"[{},{}]",lspeed48@geocities.com,716-252-6586,6139389.42
inv789,Caroline Breckenridge,Gigashots,"[{},{}]",cbreckenridge49@gnu.org,621-167-5845,6224959.52
inv123,Jorey Kauble,Centimia,"[{},{}]",jkauble4a@wunderground.com,593-157-9968,325396.6
inv789,Jackie Grass,Babbleopia,"[{},{}]",jgrass4b@discuz.net,368-441-7034,6236597.64
inv789,Nico Skeene,Youtags,"[{},{}]",nskeene4c@xrea.com,392-171-0395,3561804.15
inv789,Shauna Dudgeon,Omba,"[{},{}]",sdudgeon4d@desdev.cn,347-288-4611,597813.04
inv789,Astrix Sharer,Layo,"[{},{}]",asharer4e@scribd.com,999-768-8471,7704783.43
inv789,Pasquale Rapin,Avavee,"[{},{}]",prapin4f@deliciousdays.com,657-517-3656,8755862.45
inv789,Henrieta Moakes,Plambee,"[{},{}]",hmoakes4g@indiatimes.com,582-416-8365,244507.98
inv456,Evaleen Culmer,Abatz,"[{},{}]",eculmer4h@mozilla.com,463-935-5230,4329795.35
inv789,Melisandra Iacomo,Gigazoom,"[{},{}]",miacomo4i@prlog.org,196-182-0111,6278381.79
inv456,Ernest Montez,Quire,"[{},{}]",emontez4j@hhs.gov,674-750-6007,2294718.74
inv123,Arvie Boyett,Jaloo,"[{},{}]",aboyett4k@shinystat.com,446-168-0723,4596203.38
inv456,Aubry Luty,Jaxnation,"[{},{}]",aluty4l@ocn.ne.jp,186-218-8601,1280272.03
inv123,Konrad O'Donoghue,Zoozzy,"[{},{}]",kodonoghue4m@geocities.jp,588-923-2543,721699.69
inv123,Cathi Gwillim,Trilia,"[{},{}]",cgwillim4n@shutterfly.com,793-391-6052,9295864.71
inv456,Candace Hurl,Aibox,"[{},{}]",churl4o@who.int,923-645-4244,2112543.56
inv789,Franny McManamon,Zoomlounge,"[{},{}]",fmcmanamon4p@irs.gov,858-661-1276,850428.84
inv456,Devonna Epple,Oyope,"[{},{}]",depple4q@is.gd,875-651-0716,8632319.51
inv123,Quentin Mellanby,Voonte,"[{},{}]",qmellanby4r@elpais.com,910-950-0407,5313398.45
inv789,Sonny Greenman,Jetpulse,"[{},{}]",sgreenman4s@epa.gov,913-202-0389,1283371.84
inv123,Fionna Hebblewhite,Linktype,"[{},{}]",fhebblewhite4t@biblegateway.com,719-568-5143,1311485.45
inv123,Guillaume Douche,Thoughtbridge,"[{},{}]",gdouche4u@printfriendly.com,591-806-9526,5419339.55
inv123,Mechelle Dittson,Quaxo,"[{},{}]",mdittson4v@yandex.ru,927-835-3159,4444936.68
inv789,Myrle Lomasny,Agimba,"[{},{}]",mlomasny4w@yolasite.com,351-743-2980,1445583.4
inv123,Lonnie Lamzed,Jaxbean,"[{},{}]",llamzed4x@disqus.com,700-156-7120,4795446.88
inv123,Fabien Ghirardi,Bubbletube,"[{},{}]",fghirardi4y@sciencedaily.com,519-837-8516,4853267.43
inv456,Tudor Sprules,Dynava,"[{},{}]",tsprules4z@deliciousdays.com,576-261-8821,6648481.27
inv456,Madlen Antoinet,Kimia,"[{},{}]",mantoinet50@weebly.com,750-509-6527,7320439.76
inv456,Correna Robottham,Tazz,"[{},{}]",crobottham51@ameblo.jp,202-419-3178,7754570.91
inv789,Deeann Airton,Snaptags,"[{},{}]",dairton52@un.org,598-480-7320,7880395.14
inv123,Annmaria Yanov,Bubblemix,"[{},{}]",ayanov53@merriam-webster.com,731-161-4823,8471498.37
inv456,Jakob Seely,Plajo,"[{},{}]",jseely54@technorati.com,167-908-4725,9255269.26
inv789,Maurine Prandy,Jabbersphere,"[{},{}]",mprandy55@eventbrite.com,525-942-8675,3485452.94
inv123,Bartholomeus Andrzejak,Linklinks,"[{},{}]",bandrzejak56@jimdo.com,785-265-8136,2598901.58
inv456,Mahmud Guiet,Yoveo,"[{},{}]",mguiet57@hhs.gov,245-567-1526,2179773.56
inv789,Enrique Truggian,DabZ,"[{},{}]",etruggian58@marriott.com,908-635-5470,9069973.01
inv123,Lodovico Caberas,Roomm,"[{},{}]",lcaberas59@mtv.com,420-818-4304,7048981.11
inv123,Mira Jouhning,Edgeclub,"[{},{}]",mjouhning5a@slashdot.org,808-963-2439,127802.41
inv123,Belita Baudou,Tagtune,"[{},{}]",bbaudou5b@angelfire.com,604-711-5363,7968447.91
inv789,Corrine Dunphie,Lajo,"[{},{}]",cdunphie5c@liveinternet.ru,414-100-7133,5169968.12
inv456,Darn Cogger,Avamm,"[{},{}]",dcogger5d@globo.com,731-525-2217,8838840.55
inv123,Izaak Duggan,Zazio,"[{},{}]",iduggan5e@mtv.com,932-196-0842,1460077.26
inv123,Amalle Henrion,Kwideo,"[{},{}]",ahenrion5f@google.es,840-207-7912,800570.99
inv123,Katina Copestake,Quatz,"[{},{}]",kcopestake5g@auda.org.au,515-461-7309,1178057.09
inv123,Pernell Lintall,Jamia,"[{},{}]",plintall5h@usnews.com,803-485-1919,4830681.09
inv456,Hershel Darkott,Jatri,"[{},{}]",hdarkott5i@shutterfly.com,971-376-2945,1234365.3
inv456,Pearl Littlekit,Yodo,"[{},{}]",plittlekit5j@rambler.ru,714-719-4167,9059517.36
inv789,Jacqui Gamble,Jaxnation,"[{},{}]",jgamble5k@skype.com,204-495-9689,4132448.4
inv123,Phillip Bakesef,Centimia,"[{},{}]",pbakesef5l@craigslist.org,504-861-4217,3196890.81
inv123,Kelli Huddles,Dynava,"[{},{}]",khuddles5m@prlog.org,876-769-8978,1400329.3
inv123,Parke Carrel,Gigabox,"[{},{}]",pcarrel5n@discovery.com,775-221-8495,5965144.77
inv789,Bank Ber,Linkbridge,"[{},{}]",bber5o@bing.com,302-410-8972,5356281.59
inv789,Elladine Coop,Riffwire,"[{},{}]",ecoop5p@people.com.cn,523-800-8899,3077097.38
inv789,Brittani Manntschke,Gabvine,"[{},{}]",bmanntschke5q@zimbio.com,478-354-8049,1531480.31
inv123,Sky Ohm,Devcast,"[{},{}]",sohm5r@cisco.com,779-930-1955,9496180.84
inv123,Raff Turfin,Fivebridge,"[{},{}]",rturfin5s@foxnews.com,549-636-9126,1129003.59
inv456,Randi Wadesworth,Quinu,"[{},{}]",rwadesworth5t@biblegateway.com,357-125-7437,5485106.12
inv123,Fayth Cathery,Blogspan,"[{},{}]",fcathery5u@pinterest.com,648-178-5243,2338303.55
inv123,Alvira Wyley,Gigaclub,"[{},{}]",awyley5v@desdev.cn,851-822-0182,2018644.31
inv789,Robinet Blaschke,Vinder,"[{},{}]",rblaschke5w@nps.gov,496-318-0059,256427.75
inv123,Sonny Jackes,Bubbletube,"[{},{}]",sjackes5x@last.fm,579-309-8274,6943640.6
inv456,Mohandis Berriball,Yabox,"[{},{}]",mberriball5y@cyberchimps.com,844-199-1639,5288088.15
inv456,Jeff Premble,Kaymbo,"[{},{}]",jpremble5z@flickr.com,186-583-2996,655793.06
inv123,Peyter Swyndley,Twitternation,"[{},{}]",pswyndley60@about.me,205-560-8957,4509752.86
inv456,Rey Bleiman,Skipfire,"[{},{}]",rbleiman61@jalbum.net,737-889-3289,9725145.1
inv123,Dewain Northcote,Mycat,"[{},{}]",dnorthcote62@homestead.com,758-208-0390,6260359.18
inv456,Dorena Collar,Thoughtblab,"[{},{}]",dcollar63@so-net.ne.jp,281-584-0719,4082494.53
inv789,Karel Worpole,Skilith,"[{},{}]",kworpole64@diigo.com,201-321-0630,8977510.31
inv123,Teddy Haitlie,Oozz,"[{},{}]",thaitlie65@google.it,646-400-1046,6336705.81
inv123,Sallyann Norridge,Yoveo,"[{},{}]",snorridge66@ucoz.com,861-289-1772,1336140.62
inv789,Rickard Behnecke,Buzzdog,"[{},{}]",rbehnecke67@mediafire.com,292-235-3246,5111017.8
inv456,Ninetta Chafney,Skyvu,"[{},{}]",nchafney68@friendfeed.com,729-165-6037,3433363.87
inv789,Rayner Gall,Gabtune,"[{},{}]",rgall69@jalbum.net,404-837-4864,8436053.42
inv789,Alberto Scrammage,Brainsphere,"[{},{}]",ascrammage6a@t.co,962-552-6337,2546616.34
inv789,Clay Stellino,Rhyzio,"[{},{}]",cstellino6b@mysql.com,591-401-0634,659301.46
inv789,Amie Stallan,Meeveo,"[{},{}]",astallan6c@tripadvisor.com,470-163-0080,1421188.93
inv789,Nikolia Lanchbery,Einti,"[{},{}]",nlanchbery6d@xrea.com,678-807-6535,8852634.51
inv789,Charity Addis,Yodel,"[{},{}]",caddis6e@examiner.com,791-641-8749,5338480.84
inv123,Nelie Shafe,Youspan,"[{},{}]",nshafe6f@cnet.com,821-120-4695,4325855.77
inv456,Irving Danilov,Youopia,"[{},{}]",idanilov6g@addthis.com,159-331-7352,9163108.69
inv123,Eartha Renny,Demizz,"[{},{}]",erenny6h@ycombinator.com,315-132-9659,5060748.11
inv123,Alexi Eakin,Thoughtbeat,"[{},{}]",aeakin6i@lycos.com,573-883-7383,6251513.01
inv789,Giovanni Cheevers,Twitterwire,"[{},{}]",gcheevers6j@nba.com,794-159-7152,3916884.03
inv123,Berna Pidwell,Flipbug,"[{},{}]",bpidwell6k@altervista.org,763-974-0738,9602050.07
inv789,Eustacia Oughtright,Blogtag,"[{},{}]",eoughtright6l@slideshare.net,260-465-8054,9666904.02
inv456,Innis Mickelwright,Brightbean,"[{},{}]",imickelwright6m@trellian.com,941-954-4203,6241152.59
inv123,Cristy Mersh,Cogilith,"[{},{}]",cmersh6n@intel.com,461-697-4718,633421.49
inv123,Katrinka Masi,Skinder,"[{},{}]",kmasi6o@oaic.gov.au,809-713-1933,6556668.38
inv456,Chrisse Edmondson,Skyvu,"[{},{}]",cedmondson6p@oaic.gov.au,829-766-9062,7324497.78
inv123,Lane Papaminas,Blogtags,"[{},{}]",lpapaminas6q@google.es,511-312-1839,1771542.8
inv789,Ida Sikora,Npath,"[{},{}]",isikora6r@last.fm,978-243-3541,5108081.29
inv789,Katalin Pendrill,Photobug,"[{},{}]",kpendrill6s@washington.edu,903-225-7570,7365596.57
inv789,Tades Spadotto,Gigazoom,"[{},{}]",tspadotto6t@yale.edu,539-564-0869,7852342.93
inv456,Nikolos Mariette,Jamia,"[{},{}]",nmariette6u@chron.com,575-942-8818,6855850.22
inv456,Clary Heel,Jamia,"[{},{}]",cheel6v@t.co,710-653-5365,8905624.94
inv123,Frederich Febvre,Livetube,"[{},{}]",ffebvre6w@time.com,554-525-2161,4811350.46
inv789,Blakelee Sterrie,Jabberstorm,"[{},{}]",bsterrie6x@merriam-webster.com,749-680-5194,4608305.17
inv123,Brunhilda Sockell,Rhycero,"[{},{}]",bsockell6y@jimdo.com,733-700-5134,4468260.24
inv456,Clea Dyball,Devshare,"[{},{}]",cdyball6z@goo.ne.jp,243-321-0232,2529299.61
inv456,Sarita Plet,Demimbu,"[{},{}]",splet70@zimbio.com,794-438-7286,4479318.92
inv123,Heindrick Heathwood,Yoveo,"[{},{}]",hheathwood71@google.com.au,893-915-6153,5621814.99
inv789,Delinda Kaplan,Topicblab,"[{},{}]",dkaplan72@uiuc.edu,900-155-4016,4989384.52
inv789,Zulema Le Barr,Wordpedia,"[{},{}]",zle73@mlb.com,776-552-9072,3843512.37
inv123,Lorinda Sprigin,Kwimbee,"[{},{}]",lsprigin74@rambler.ru,915-298-8033,4049175.63
inv123,Gardie De Hailes,Twitterlist,"[{},{}]",gde75@soup.io,338-361-9586,8878527.14
inv789,Arabel Coonan,Photofeed,"[{},{}]",acoonan76@ucsd.edu,633-179-8564,4555690.56
inv123,Alica Cardenoza,Lajo,"[{},{}]",acardenoza77@g.co,511-847-3631,891100.23
inv456,Pietrek Simukov,Trunyx,"[{},{}]",psimukov78@amazon.com,355-471-9930,9430271.26
inv789,Aaren Grindall,Shufflebeat,"[{},{}]",agrindall79@nationalgeographic.com,298-661-6863,523262.36
inv789,Callida Amburgy,Jazzy,"[{},{}]",camburgy7a@ifeng.com,617-163-9225,4715605.8
inv789,Chase Doughtery,Gevee,"[{},{}]",cdoughtery7b@trellian.com,151-706-0441,2641328.11
inv123,Fair Lindell,Eabox,"[{},{}]",flindell7c@sfgate.com,899-668-7790,9197649.32
inv456,Bernardine Ghidoni,Chatterbridge,"[{},{}]",bghidoni7d@webs.com,533-129-1695,5287278.58
inv123,Kelwin Izzett,Rhynoodle,"[{},{}]",kizzett7e@wordpress.org,895-642-4866,406510.57
inv123,Nils Glentz,Kaymbo,"[{},{}]",nglentz7f@godaddy.com,847-432-5660,4067407.94
inv789,Erl Laity,Skajo,"[{},{}]",elaity7g@bluehost.com,206-188-7081,8353698.55
inv789,Adrien Gould,Gabtune,"[{},{}]",agould7h@angelfire.com,854-114-3607,8479742.92
inv123,Darn Parsonage,Yakijo,"[{},{}]",dparsonage7i@npr.org,348-595-7150,7827350.54
inv123,Idalia L'Episcopio,Wordware,"[{},{}]",ilepiscopio7j@wordpress.org,123-789-3159,6428552.09
inv789,Bearnard Cabell,Ooba,"[{},{}]",bcabell7k@usa.gov,468-642-6630,1791997.29
inv456,Timmie Cogley,Fivespan,"[{},{}]",tcogley7l@unblog.fr,462-866-1640,7601845.41
inv456,Duky Easom,Skimia,"[{},{}]",deasom7m@redcross.org,467-564-4680,9043560.15
inv456,Tabor Huygen,Kwimbee,"[{},{}]",thuygen7n@ehow.com,798-441-2835,311837.4
inv789,Leupold Escolme,Blogpad,"[{},{}]",lescolme7o@mapquest.com,764-381-9248,2005711.94
inv456,Dorolice Barnwille,Katz,"[{},{}]",dbarnwille7p@unicef.org,691-823-7452,9572925.42
inv456,Maiga Sunnucks,Twiyo,"[{},{}]",msunnucks7q@reverbnation.com,570-321-8748,8062044.8
inv789,Iorgo Jaimez,Devcast,"[{},{}]",ijaimez7r@skype.com,141-345-5953,9189183.58
inv456,Ernesto Andrzej,Kimia,"[{},{}]",eandrzej7s@thetimes.co.uk,616-103-8923,1697342.61
inv456,Jan Orcott,Skimia,"[{},{}]",jorcott7t@slideshare.net,151-702-6183,5593930.98
inv456,Johnath Hugues,Mymm,"[{},{}]",jhugues7u@livejournal.com,527-323-6147,5658357.49
inv456,Nissy Warrier,Edgetag,"[{},{}]",nwarrier7v@scribd.com,582-932-8131,3178784.74
inv789,Ricardo Shiers,Twitterbridge,"[{},{}]",rshiers7w@dyndns.org,771-406-9703,1180523.39
inv789,Clarissa Gaskal,Linktype,"[{},{}]",cgaskal7x@google.com.au,450-323-4264,8790671.76
inv123,Amby Crothers,Oloo,"[{},{}]",acrothers7y@mayoclinic.com,825-570-0511,9023418.17
inv123,Piotr Bengough,Snaptags,"[{},{}]",pbengough7z@hp.com,642-328-2675,2563273.56
inv123,Benedict Wadhams,Jabbersphere,"[{},{}]",bwadhams80@ustream.tv,591-701-1948,1904855.56
inv789,Haydon Van Rembrandt,Jabbersphere,"[{},{}]",hvan81@fda.gov,140-999-8582,9216103.89
inv789,Clevey Knight,Shufflester,"[{},{}]",cknight82@soup.io,630-722-3617,1113571.88
inv123,Karrie Rock,Youbridge,"[{},{}]",krock83@jugem.jp,240-898-8114,1129104.39
inv789,Tirrell Foulger,Eamia,"[{},{}]",tfoulger84@tripod.com,138-177-4945,4649567.39
inv123,Dayle Millington,Topiczoom,"[{},{}]",dmillington85@ft.com,960-449-5344,696774.5
inv456,Muriel Aleksandrov,Wordtune,"[{},{}]",maleksandrov86@pcworld.com,814-194-1079,6900250.2
inv123,Alessandra Faustian,Topdrive,"[{},{}]",afaustian87@dyndns.org,680-759-9553,5919610.24
inv456,Leonelle Coldtart,Zoonoodle,"[{},{}]",lcoldtart88@themeforest.net,653-981-9799,7432745.38
inv123,Sebastian Adderley,Tagopia,"[{},{}]",sadderley89@mozilla.org,815-753-9886,763233.69
inv123,Desmond Dumini,Rhyzio,"[{},{}]",ddumini8a@reverbnation.com,540-586-6017,5892582.03
inv456,Ollie Iamittii,Oyoyo,"[{},{}]",oiamittii8b@gravatar.com,669-351-2286,2507999.58
inv789,Osbourn Coase,Linklinks,"[{},{}]",ocoase8c@tiny.cc,774-250-9560,3474160.46
inv123,Analise Bigham,InnoZ,"[{},{}]",abigham8d@psu.edu,712-989-6365,6761866.0
inv456,Elka Ovell,Voonix,"[{},{}]",eovell8e@scientificamerican.com,508-227-0356,7155190.2
inv456,Larine Tubbs,Mycat,"[{},{}]",ltubbs8f@scientificamerican.com,553-509-6565,9679089.71
inv789,Sella Carslaw,Kanoodle,"[{},{}]",scarslaw8g@digg.com,143-554-6303,4854895.04
inv789,Corey Dunnion,Trilia,"[{},{}]",cdunnion8h@abc.net.au,311-549-8610,9540297.59
inv123,Wendi Lankford,Skibox,"[{},{}]",wlankford8i@vimeo.com,682-203-0576,2639155.05
inv123,Tremain Bertelet,Mynte,"[{},{}]",tbertelet8j@theglobeandmail.com,194-309-3290,3409530.19
inv456,Brantley Dalziel,Brainsphere,"[{},{}]",bdalziel8k@whitehouse.gov,235-280-9178,8123816.86
inv123,Duffy Woodus,Linkbridge,"[{},{}]",dwoodus8l@qq.com,677-959-9582,7612106.79
inv789,Bobina Blakeney,Divape,"[{},{}]",bblakeney8m@un.org,258-958-9815,6391104.28
inv789,Phaedra Jerdan,Eare,"[{},{}]",pjerdan8n@tmall.com,521-610-3822,4851074.11
inv123,Leoine Tarbet,Riffpath,"[{},{}]",ltarbet8o@godaddy.com,335-488-8484,1532917.98
inv123,Vin Bettenay,Edgepulse,"[{},{}]",vbettenay8p@comcast.net,151-405-5816,77977.07
inv123,Luigi Greasty,Skyble,"[{},{}]",lgreasty8q@google.com,891-314-3776,2244827.88
inv456,Jessee Loddon,Quimm,"[{},{}]",jloddon8r@google.com.br,475-511-6419,5283514.96
inv456,Margaret Tyre,Rooxo,"[{},{}]",mtyre8s@addtoany.com,458-445-9017,5345868.6
inv123,Hedwiga Raimbauld,Yodoo,"[{},{}]",hraimbauld8t@sourceforge.net,757-284-3717,1975236.77
inv789,Victoir Dawidman,Roodel,"[{},{}]",vdawidman8u@1und1.de,533-825-5251,4225531.07
inv789,Elmo Pagon,Thoughtworks,"[{},{}]",epagon8v@hao123.com,508-105-9472,3567284.06
inv123,Dion Greatbank,Oloo,"[{},{}]",dgreatbank8w@whitehouse.gov,392-497-5724,3127056.16
inv456,Harp Springthorpe,Quatz,"[{},{}]",hspringthorpe8x@ocn.ne.jp,288-909-0168,3945791.33
inv789,Bondie Chaney,Quinu,"[{},{}]",bchaney8y@hibu.com,408-509-7124,7369793.88
inv123,Jarrid Kubica,Jetwire,"[{},{}]",jkubica8z@hatena.ne.jp,461-977-1434,2259272.43
inv456,Rana Guido,Oba,"[{},{}]",rguido90@alexa.com,984-136-7705,2495974.24
inv789,Jessamine Currie,Trudoo,"[{},{}]",jcurrie91@unesco.org,827-696-7761,1280417.71
inv789,Ban Phythien,Thoughtsphere,"[{},{}]",bphythien92@indiegogo.com,196-971-5699,5642124.11
inv123,Dru McCumskay,Linklinks,"[{},{}]",dmccumskay93@desdev.cn,956-467-5595,9489109.65
inv123,Parsifal Blunden,Centizu,"[{},{}]",pblunden94@mozilla.org,336-502-8635,8044579.61
inv123,Rene Rushmare,Flashset,"[{},{}]",rrushmare95@eventbrite.com,357-503-2612,5409656.99
inv456,Harley Mewburn,Abata,"[{},{}]",hmewburn96@sun.com,146-185-1961,9251852.18
inv789,Mervin Gwatkins,Tekfly,"[{},{}]",mgwatkins97@timesonline.co.uk,192-770-9103,9369397.55
inv789,Celisse Dorbin,Kanoodle,"[{},{}]",cdorbin98@accuweather.com,929-577-7673,302088.55
inv456,Alf Ianne,Yamia,"[{},{}]",aianne99@chicagotribune.com,888-558-0752,8453755.32
inv789,Brooke Tomlett,Skaboo,"[{},{}]",btomlett9a@purevolume.com,681-125-6000,6864944.77
inv456,Terrye McKinty,Twinte,"[{},{}]",tmckinty9b@skyrock.com,804-229-3419,832809.63
inv789,Yvor Elkington,Blogspan,"[{},{}]",yelkington9c@wordpress.com,165-989-1910,3876900.11
inv123,Tomlin Delacroux,Tagcat,"[{},{}]",tdelacroux9d@go.com,599-956-7156,1899900.28
inv123,Ramonda Elphey,Yakidoo,"[{},{}]",relphey9e@phpbb.com,898-868-7941,386213.31
inv123,Lazaro Lidster,Agivu,"[{},{}]",llidster9f@stanford.edu,787-241-7702,7347352.69
inv789,Leonhard Tampion,Kwideo,"[{},{}]",ltampion9g@nsw.gov.au,978-821-4543,8762523.57
inv123,Rhys Pittford,Quaxo,"[{},{}]",rpittford9h@imdb.com,608-131-0270,8749451.56
inv789,Morganne Attryde,Oba,"[{},{}]",mattryde9i@cornell.edu,942-833-0790,7677065.5
inv789,Pate Alenichicov,Bluejam,"[{},{}]",palenichicov9j@zdnet.com,311-780-0860,2494381.54
inv123,Bliss De Banke,Tagfeed,"[{},{}]",bde9k@reuters.com,899-390-2641,2405739.83
inv456,Forester Spofford,Zooveo,"[{},{}]",fspofford9l@reddit.com,100-252-8281,3269514.15
inv789,Sawyere Branwhite,Avamm,"[{},{}]",sbranwhite9m@tamu.edu,706-684-8923,3973522.56
inv789,Ermengarde Brower,Jaxspan,"[{},{}]",ebrower9n@europa.eu,309-752-4258,1605472.18
inv456,Gussi Blaycock,Browsedrive,"[{},{}]",gblaycock9o@deliciousdays.com,238-163-1554,9826623.54
inv123,Jamie McQuarter,Voolith,"[{},{}]",jmcquarter9p@time.com,178-210-2299,9682536.15
inv456,Dawna Scritch,Shufflester,"[{},{}]",dscritch9q@wikimedia.org,852-607-8482,6455851.76
inv789,Lisa Waleran,Devshare,"[{},{}]",lwaleran9r@sciencedaily.com,840-663-1977,2225177.78
inv456,Hope Hutchcraft,Gabcube,"[{},{}]",hhutchcraft9s@vinaora.com,153-896-7363,3872391.98
inv789,Doris Castledine,Gigashots,"[{},{}]",dcastledine9t@soundcloud.com,228-824-8662,3703566.59
inv789,Skippy Gouinlock,Plajo,"[{},{}]",sgouinlock9u@sogou.com,606-427-1045,638966.74
inv789,Melitta McCoughan,Wordpedia,"[{},{}]",mmccoughan9v@bizjournals.com,937-900-2942,5318286.56
inv456,Ermentrude Santarelli,Katz,"[{},{}]",esantarelli9w@gravatar.com,210-557-7022,380123.77
inv123,Ulrich Bonellie,Quatz,"[{},{}]",ubonellie9x@wikia.com,231-355-1860,9083902.03
inv123,Georgetta Glandon,Youopia,"[{},{}]",gglandon9y@washington.edu,423-228-5894,4576035.5
inv456,Blondie Monteaux,Realcube,"[{},{}]",bmonteaux9z@dion.ne.jp,553-792-2054,2427208.61
inv456,Bernadine Sutehall,Edgeclub,"[{},{}]",bsutehalla0@flickr.com,164-908-4857,658854.82
inv789,Nelson Swate,Buzzshare,"[{},{}]",nswatea1@goo.gl,429-179-0978,6861809.25
inv789,Phebe Leathart,Jayo,"[{},{}]",pleatharta2@weebly.com,852-841-3612,9759686.88
inv456,Cookie Anstead,Shuffletag,"[{},{}]",cansteada3@walmart.com,362-825-4279,8284345.14
inv123,Alex Amsden,Flipstorm,"[{},{}]",aamsdena4@cyberchimps.com,703-235-0474,4045267.33
inv789,Muire Simson,Twinte,"[{},{}]",msimsona5@reddit.com,795-766-5201,5695161.32
inv123,Connie Arnholtz,Zoonoodle,"[{},{}]",carnholtza6@e-recht24.de,558-157-8938,2358095.31
inv123,Alix Maggiori,Fanoodle,"[{},{}]",amaggioria7@nps.gov,617-868-1759,6420010.0
inv456,Brendin Causier,Thoughtmix,"[{},{}]",bcausiera8@bloglines.com,918-676-7998,1894314.51
inv789,Kristy Blackbrough,Gigashots,"[{},{}]",kblackbrougha9@home.pl,377-481-5428,2263125.41
inv456,Roshelle Gumme,Demivee,"[{},{}]",rgummeaa@twitpic.com,763-826-3305,5223518.99
inv123,Evyn Boutell,Meetz,"[{},{}]",eboutellab@dailymail.co.uk,744-906-5270,1597609.09
inv456,Ruprecht Karpets,Blogpad,"[{},{}]",rkarpetsac@marriott.com,314-887-2162,3887281.42
inv123,Andy Shakespeare,Topiclounge,"[{},{}]",ashakespearead@comcast.net,467-778-4949,8477797.36
inv123,Emlyn Budgeon,Feedbug,"[{},{}]",ebudgeonae@rakuten.co.jp,743-843-7296,304861.95
inv456,Sigismund Goadsby,Brainlounge,"[{},{}]",sgoadsbyaf@paypal.com,895-523-2844,110935.52
inv123,Patrizius Poyzer,Vimbo,"[{},{}]",ppoyzerag@ovh.net,654-595-7010,685540.77
inv789,Lian Baldocci,Meevee,"[{},{}]",lbaldocciah@cornell.edu,292-275-9933,7754409.27
inv123,Arlene Vasentsov,Photojam,"[{},{}]",avasentsovai@fotki.com,931-271-4356,6878711.78
inv123,Gleda Devil,Ailane,"[{},{}]",gdevilaj@loc.gov,585-109-2959,646561.5
inv123,Grover Boman,Agimba,"[{},{}]",gbomanak@chicagotribune.com,408-666-1226,7905498.8
inv789,Jae Isaac,Flashset,"[{},{}]",jisaacal@mlb.com,248-351-8106,3303625.81
inv123,Jenelle Challinor,Kimia,"[{},{}]",jchallinoram@histats.com,150-990-1791,967523.09
inv123,Travus Akister,Feedbug,"[{},{}]",takisteran@bbc.co.uk,848-612-8903,547155.67
inv456,Jorge Mulchrone,Oodoo,"[{},{}]",jmulchroneao@networkadvertising.org,761-448-5795,2652665.17
inv789,Cora Wollers,Aibox,"[{},{}]",cwollersap@wired.com,708-325-7636,8369119.94
inv123,Giustino Daye,Browsecat,"[{},{}]",gdayeaq@youku.com,399-528-6757,3712564.31
inv456,Jacqui Rumford,Aivee,"[{},{}]",jrumfordar@lulu.com,887-681-6342,9294304.17
inv789,Giana Heal,Twinte,"[{},{}]",ghealas@spotify.com,791-553-2546,9767434.38
inv123,Tiler Blint,Rhybox,"[{},{}]",tblintat@sphinn.com,875-101-7976,1460220.19
inv123,Jaquenette Kippen,Dablist,"[{},{}]",jkippenau@apache.org,380-905-1837,2828484.15
inv789,Susie Jacks,Realfire,"[{},{}]",sjacksav@google.it,619-514-8930,3712113.72
inv456,Paolo Cantle,Flipbug,"[{},{}]",pcantleaw@artisteer.com,137-106-1321,405015.6
inv456,Micheal Nassy,Reallinks,"[{},{}]",mnassyax@businessinsider.com,394-788-6879,3191902.88
inv123,Stan Tittletross,Viva,"[{},{}]",stittletrossay@gov.uk,248-233-5002,1377551.89
inv789,Sydelle Troyes,Twinder,"[{},{}]",stroyesaz@clickbank.net,666-792-5153,9235236.54
inv789,Toni Leehane,Brainverse,"[{},{}]",tleehaneb0@people.com.cn,479-109-5583,631271.02
inv789,Nomi Pirt,Avaveo,"[{},{}]",npirtb1@seesaa.net,599-953-4865,9491725.68
inv789,Myrvyn Twiddell,Realpoint,"[{},{}]",mtwiddellb2@webeden.co.uk,685-330-1425,1895206.48
inv789,Genni Tellwright,Linklinks,"[{},{}]",gtellwrightb3@purevolume.com,345-855-7552,1715341.32
inv789,Waiter Trassler,Fadeo,"[{},{}]",wtrasslerb4@washington.edu,188-521-2628,6358620.73
inv789,Porty Jewell,Fadeo,"[{},{}]",pjewellb5@reverbnation.com,947-271-0490,9990561.3
inv789,Clare Wincer,Quatz,"[{},{}]",cwincerb6@google.cn,768-587-7168,1180166.42
inv789,Bryce Shilstone,Kimia,"[{},{}]",bshilstoneb7@smugmug.com,658-639-3936,7455058.47
inv456,Pavel Paternoster,Eidel,"[{},{}]",ppaternosterb8@sitemeter.com,251-270-7406,6263762.96
inv456,Ingeborg Sharpling,Flipbug,"[{},{}]",isharplingb9@independent.co.uk,336-539-5895,8067231.26
inv456,Vito Glasman,Jabbersphere,"[{},{}]",vglasmanba@bbb.org,105-626-4530,1684144.85
inv123,Dex Lovett,Linklinks,"[{},{}]",dlovettbb@51.la,777-734-9984,8552888.22
inv123,Kameko Sirl,Kazio,"[{},{}]",ksirlbc@sbwire.com,235-171-0968,1680524.6
inv456,Townsend Baptist,Rhyloo,"[{},{}]",tbaptistbd@symantec.com,846-364-2420,7088625.07
inv789,Lewiss Etherson,Yakidoo,"[{},{}]",lethersonbe@xinhuanet.com,904-244-5559,3531496.47
inv456,Kellsie Errowe,Skimia,"[{},{}]",kerrowebf@desdev.cn,602-701-7912,6212558.48
inv123,Cosette Eddolls,Kimia,"[{},{}]",ceddollsbg@columbia.edu,316-834-2249,3283104.7
inv789,Rudy Sondon,Skinte,"[{},{}]",rsondonbh@ovh.net,851-905-1540,7991219.99
inv123,Sallie Adshead,Riffpath,"[{},{}]",sadsheadbi@hugedomains.com,465-422-7461,6871459.47
inv456,Sherm Prestage,Twitterwire,"[{},{}]",sprestagebj@dell.com,923-926-6804,2602685.02
inv789,Denny Popplestone,Edgewire,"[{},{}]",dpopplestonebk@home.pl,540-225-5458,8551217.35
inv789,Celka Leemans,Voonyx,"[{},{}]",cleemansbl@wix.com,281-774-8272,5075834.49
inv789,Haywood Bumphrey,Cogilith,"[{},{}]",hbumphreybm@cmu.edu,576-784-6904,8209896.18
inv123,Livvy Coddington,Devbug,"[{},{}]",lcoddingtonbn@1688.com,235-920-2836,4381508.01
inv123,Reta Nudde,InnoZ,"[{},{}]",rnuddebo@geocities.com,354-729-7106,8155244.83
inv789,Celesta Tisun,Yata,"[{},{}]",ctisunbp@theglobeandmail.com,996-639-2430,2339454.17
inv789,Olympie St. Hill,Linklinks,"[{},{}]",ostbq@mac.com,749-516-0957,8108354.86
inv456,Gilberta Nanni,Katz,"[{},{}]",gnannibr@dedecms.com,292-932-8824,9332579.78
inv123,Jourdan Brolly,Photofeed,"[{},{}]",jbrollybs@over-blog.com,843-373-8246,908235.26
inv789,Grier Eastup,Wikizz,"[{},{}]",geastupbt@mozilla.com,305-858-8098,9620094.84
inv456,Fairfax Gwioneth,Skimia,"[{},{}]",fgwionethbu@sun.com,327-242-8956,2111675.3
inv789,Pandora Muzzlewhite,Realcube,"[{},{}]",pmuzzlewhitebv@blogs.com,513-628-1585,2716191.39
inv789,Lesli Beaton,Camimbo,"[{},{}]",lbeatonbw@cornell.edu,158-901-7037,389875.42
inv123,Dierdre Lusher,Vinte,"[{},{}]",dlusherbx@who.int,707-643-5923,9271280.23
inv123,Bar Tregien,Brainsphere,"[{},{}]",btregienby@vinaora.com,963-163-3207,6352173.5
inv123,Vivie Delgardillo,Abatz,"[{},{}]",vdelgardillobz@cnbc.com,282-615-5264,4573835.39
inv123,Frederique Paal,Edgepulse,"[{},{}]",fpaalc0@oaic.gov.au,247-728-9162,8647048.76
inv789,Guendolen Branscombe,Skyndu,"[{},{}]",gbranscombec1@typepad.com,681-149-7341,9748876.77
inv789,Ruprecht McKane,Ntags,"[{},{}]",rmckanec2@usatoday.com,154-869-3574,7425418.38
inv789,Wilma Dimont,Teklist,"[{},{}]",wdimontc3@pinterest.com,429-891-7349,7714227.12
inv789,Ruth Scotcher,Edgewire,"[{},{}]",rscotcherc4@dagondesign.com,903-997-4332,2283539.33
inv789,Fred Grishmanov,Mybuzz,"[{},{}]",fgrishmanovc5@home.pl,643-251-3516,1669385.93
inv456,Raina Manginot,Yamia,"[{},{}]",rmanginotc6@barnesandnoble.com,800-666-9854,7180936.22
inv789,Angela Stollenbecker,Eidel,"[{},{}]",astollenbeckerc7@mediafire.com,244-838-1509,2234016.13
inv789,Alidia Prozescky,Fivebridge,"[{},{}]",aprozesckyc8@gnu.org,327-351-8447,5512191.09
inv123,Galven Sinkinson,Buzzster,"[{},{}]",gsinkinsonc9@mit.edu,739-950-4412,9781246.09
inv456,Moria Schneidar,Edgewire,"[{},{}]",mschneidarca@moonfruit.com,848-579-3087,6586201.96
inv456,Hieronymus Sharpley,Blognation,"[{},{}]",hsharpleycb@salon.com,366-224-6454,5243663.16
inv123,Vally Kirkham,Realblab,"[{},{}]",vkirkhamcc@flavors.me,272-552-8995,7816192.71
inv456,Saleem Gingedale,Bluejam,"[{},{}]",sgingedalecd@github.com,491-638-6997,4851423.85
inv789,Queenie Cotterell,Topicstorm,"[{},{}]",qcotterellce@walmart.com,209-103-2444,4480417.7
inv123,Jocko Danniell,Yakijo,"[{},{}]",jdanniellcf@last.fm,988-141-4422,6915439.08
inv123,Christabella Rustadge,Zoozzy,"[{},{}]",crustadgecg@ebay.co.uk,312-340-2509,2198026.38
inv456,Kylie Stenbridge,Topdrive,"[{},{}]",kstenbridgech@google.com.au,499-863-9665,88814.08
inv123,Odella Dreng,Skinder,"[{},{}]",odrengci@histats.com,168-922-5474,3650730.48
inv456,Caitrin Biggerdike,Twitternation,"[{},{}]",cbiggerdikecj@yahoo.co.jp,722-916-9403,9615407.68
inv123,Deanne Noweak,Geba,"[{},{}]",dnoweakck@ehow.com,166-223-6206,4706315.35
inv123,Bing Luckin,Yotz,"[{},{}]",bluckincl@virginia.edu,689-157-9653,8428030.56
inv789,Gusty Croney,Skinte,"[{},{}]",gcroneycm@cdc.gov,576-742-9224,9073957.46
inv123,Ardisj Faichnie,Zoovu,"[{},{}]",afaichniecn@tripadvisor.com,453-684-8312,2826569.74
inv456,Darice Bloore,Skynoodle,"[{},{}]",dblooreco@cbc.ca,880-150-6473,2121799.25
inv123,Koral De Vries,Edgepulse,"[{},{}]",kdecp@deliciousdays.com,865-651-7266,5559831.39
inv123,Standford Bankes,Wikizz,"[{},{}]",sbankescq@istockphoto.com,474-703-8957,5045790.23
inv123,Mace Beccles,Oba,"[{},{}]",mbecclescr@usgs.gov,721-801-2262,7209610.13
inv456,Fidela Lindblom,Flashpoint,"[{},{}]",flindblomcs@google.ca,593-512-2210,8830095.52
inv456,Kamillah Thomlinson,Livepath,"[{},{}]",kthomlinsonct@cam.ac.uk,962-342-8647,4974570.9
inv456,Sile Tooth,Quimm,"[{},{}]",stoothcu@ucsd.edu,495-425-2378,5381441.85
inv123,Hamel Heckner,Leexo,"[{},{}]",hhecknercv@jalbum.net,125-139-8341,6475436.27
inv789,Roderich Mogenot,Blogpad,"[{},{}]",rmogenotcw@deviantart.com,402-953-0812,8500608.44
inv123,Delaney Baty,Kanoodle,"[{},{}]",dbatycx@discovery.com,430-950-2163,4040251.57
inv123,Jacquelyn Broadfoot,Roomm,"[{},{}]",jbroadfootcy@xinhuanet.com,431-852-1979,2085698.5
inv123,Kory Twede,Photojam,"[{},{}]",ktwedecz@yahoo.com,739-973-8369,8517481.83
inv456,Demetre Duckfield,Blognation,"[{},{}]",dduckfieldd0@howstuffworks.com,443-311-9104,5132781.66
inv789,Raeann Nutley,Trunyx,"[{},{}]",rnutleyd1@xing.com,236-889-4708,9169253.9
inv456,Marlie Pendergrast,Bubblemix,"[{},{}]",mpendergrastd2@psu.edu,969-845-7906,6332298.11
inv789,Tybi Pozzo,Gabspot,"[{},{}]",tpozzod3@amazon.com,658-732-8318,7861626.1
inv789,Sky O'Neal,Oba,"[{},{}]",soneald4@dyndns.org,574-382-4934,4941135.95
inv789,Ninette Egger,Browsedrive,"[{},{}]",neggerd5@gravatar.com,129-145-7161,8933194.75
inv789,Bari Pitchford,Edgeify,"[{},{}]",bpitchfordd6@hatena.ne.jp,305-874-9467,591856.7
inv789,Eugenie Crinidge,Buzzdog,"[{},{}]",ecrinidged7@nyu.edu,610-252-3601,9987082.74
inv456,Lammond Nears,Jabbertype,"[{},{}]",lnearsd8@people.com.cn,850-700-4032,6248500.42
inv123,Kimmi Lande,Dabtype,"[{},{}]",klanded9@amazon.co.jp,601-937-1547,1882351.84
inv789,Vivianna Brandel,Skajo,"[{},{}]",vbrandelda@simplemachines.org,406-111-0921,3743395.7
inv456,Talyah Vandenhoff,Ainyx,"[{},{}]",tvandenhoffdb@tamu.edu,740-519-2295,6542033.63
inv789,Annemarie Gerardot,Podcat,"[{},{}]",agerardotdc@thetimes.co.uk,597-586-4977,9925592.32
inv123,Belle Gallahue,Feednation,"[{},{}]",bgallahuedd@buzzfeed.com,328-284-5576,7376985.88
inv123,Betsey Cassius,Yombu,"[{},{}]",bcassiusde@army.mil,815-611-5713,6178530.84
inv789,Cointon Easman,Mynte,"[{},{}]",ceasmandf@example.com,510-673-3961,2979135.53
inv123,Fonzie Soame,Flipbug,"[{},{}]",fsoamedg@fotki.com,883-225-0965,7285815.55
inv123,Stephanus Silbersak,Roodel,"[{},{}]",ssilbersakdh@yolasite.com,667-825-7027,3535105.27
inv789,Clarabelle Clark,Zoozzy,"[{},{}]",cclarkdi@weibo.com,184-778-8138,7292365.56
inv789,Falkner Jurick,Linktype,"[{},{}]",fjurickdj@patch.com,644-347-6005,7353897.24
inv456,Hendrika Dymond,Jabbercube,"[{},{}]",hdymonddk@google.com,700-770-6408,9729374.32
inv456,Britta Mearing,Kwilith,"[{},{}]",bmearingdl@hatena.ne.jp,849-874-5433,2325427.33
inv456,Ryun Brumham,Abatz,"[{},{}]",rbrumhamdm@bloglovin.com,175-336-3424,9871253.47
inv456,Hermon Everleigh,Topdrive,"[{},{}]",heverleighdn@photobucket.com,203-943-7004,2374573.97
inv123,Elbertina Yashaev,Linklinks,"[{},{}]",eyashaevdo@homestead.com,774-369-6341,7121105.25
inv456,Martguerita Mullaly,Yodoo,"[{},{}]",mmullalydp@examiner.com,907-163-5749,2118575.01
inv456,Babbette Chatenier,Brainbox,"[{},{}]",bchatenierdq@wufoo.com,273-280-0702,7776883.94
inv456,See Burkert,Avamba,"[{},{}]",sburkertdr@ibm.com,435-808-8690,461336.77
inv456,Violante Mompesson,Photolist,"[{},{}]",vmompessonds@spiegel.de,179-120-3863,885072.44
inv456,Madelina Ruter,Riffpath,"[{},{}]",mruterdt@slashdot.org,122-949-0508,3566335.28
inv456,Lauryn Ferentz,Gabcube,"[{},{}]",lferentzdu@latimes.com,336-777-0566,3608833.26
inv789,Graeme Follin,Reallinks,"[{},{}]",gfollindv@rakuten.co.jp,161-120-8549,8381260.34
inv789,Fred Pudding,Browsezoom,"[{},{}]",fpuddingdw@merriam-webster.com,506-710-5748,2444259.17
inv789,Dana Demsey,Dynabox,"[{},{}]",ddemseydx@rediff.com,104-378-7822,294898.02
inv123,Melisandra Florey,Skivee,"[{},{}]",mfloreydy@ihg.com,301-718-3792,8077763.19
inv123,Margaretta Ferraretto,Tagopia,"[{},{}]",mferrarettodz@quantcast.com,116-531-1008,5213611.97
inv456,Taddeo Castellucci,Abata,"[{},{}]",tcastelluccie0@sina.com.cn,657-783-8475,2397582.94
inv456,Nadean Jelliman,Meedoo,"[{},{}]",njellimane1@google.ca,737-448-7419,2935958.3
inv123,Farlee Stirtle,Katz,"[{},{}]",fstirtlee2@thetimes.co.uk,100-201-9817,4100472.72
inv789,Eloisa Robrose,Livetube,"[{},{}]",erobrosee3@netvibes.com,918-661-6472,8792537.96
inv123,Elvyn Gorvin,Livetube,"[{},{}]",egorvine4@bluehost.com,960-415-5398,9047717.88
inv789,Jewell Attenborough,BlogXS,"[{},{}]",jattenboroughe5@tinypic.com,734-368-8627,3598250.25
inv789,Amye Yurkiewicz,Demizz,"[{},{}]",ayurkiewicze6@liveinternet.ru,195-986-4658,162660.25
inv456,Milly Fawloe,Jaxnation,"[{},{}]",mfawloee7@admin.ch,445-496-7250,1821715.84
inv456,Yolanda Scutts,Devcast,"[{},{}]",yscuttse8@jugem.jp,321-800-0770,3790505.75
inv789,Griffith Sayer,Shuffletag,"[{},{}]",gsayere9@ox.ac.uk,491-910-1974,3211508.47
inv456,William Picker,Babblestorm,"[{},{}]",wpickerea@spiegel.de,781-398-5484,8946294.38
inv789,Konstanze M'cowis,Twitterbeat,"[{},{}]",kmcowiseb@canalblog.com,538-114-4120,6629967.71
inv789,Alla Dorre,Mynte,"[{},{}]",adorreec@wufoo.com,471-839-3433,6344629.8
inv789,Tabbatha Zupo,Gabspot,"[{},{}]",tzupoed@nasa.gov,731-643-0223,2001830.91
inv456,Wainwright Welfair,Trudeo,"[{},{}]",wwelfairee@zimbio.com,306-166-0636,7102631.3
inv456,Ebony Maryska,Yotz,"[{},{}]",emaryskaef@google.cn,557-122-0965,8282762.37
inv456,Myrwyn Hacking,Jazzy,"[{},{}]",mhackingeg@umich.edu,152-880-6975,2012067.47
inv123,Channa Leinthall,Tanoodle,"[{},{}]",cleinthalleh@jiathis.com,557-117-8905,9432343.05
inv123,Ase Heinsius,Wordtune,"[{},{}]",aheinsiusei@amazon.com,719-422-6519,1186803.22
inv456,Cherise Ledekker,Devbug,"[{},{}]",cledekkerej@skyrock.com,261-201-9407,9252962.61
inv123,Ephraim Crispe,Mynte,"[{},{}]",ecrispeek@foxnews.com,277-403-7511,695062.1
inv789,Bibbye Ilden,Zoomzone,"[{},{}]",bildenel@sitemeter.com,404-217-3543,5888678.26
inv789,Sherline Crackett,Thoughtsphere,"[{},{}]",scrackettem@pcworld.com,967-763-7761,1142130.74
inv123,Wang Apted,Photolist,"[{},{}]",wapteden@etsy.com,829-259-3178,6782979.17
inv123,Burty Size,Miboo,"[{},{}]",bsizeeo@java.com,215-998-5744,7287704.22
inv123,Essie Futter,Rhycero,"[{},{}]",efutterep@telegraph.co.uk,281-332-7198,8553737.91
inv456,Patrica Croux,Katz,"[{},{}]",pcrouxeq@unesco.org,702-773-6462,4208650.22
inv123,Hailee Newcome,Eadel,"[{},{}]",hnewcomeer@about.com,103-879-7294,7539542.33
inv789,Derrick Doget,Twitterworks,"[{},{}]",ddogetes@oracle.com,604-281-9374,8945958.67
inv789,Lamont Halladey,Tambee,"[{},{}]",lhalladeyet@storify.com,776-227-3100,7192001.78
inv789,Reinaldo Brotherheed,Nlounge,"[{},{}]",rbrotherheedeu@discuz.net,277-472-9087,3798017.42
inv456,Anna Vedmore,Brainlounge,"[{},{}]",avedmoreev@google.de,567-190-7528,9338300.96
inv123,Boony Reggio,Trunyx,"[{},{}]",breggioew@photobucket.com,130-359-1587,8008509.17
inv456,Kathe Viall,Divape,"[{},{}]",kviallex@sfgate.com,916-453-0441,2469767.99
inv789,Gypsy Ivashev,Rooxo,"[{},{}]",givashevey@sourceforge.net,897-175-7306,5640817.43
inv456,Andree Edwardes,Rooxo,"[{},{}]",aedwardesez@techcrunch.com,274-579-6054,6204593.28
inv123,Karlotta Netting,Skippad,"[{},{}]",knettingf0@google.fr,902-447-7776,9278366.17
inv456,Stafford Wolfindale,Jazzy,"[{},{}]",swolfindalef1@apple.com,428-584-5351,8425754.15
inv456,Eilis Dwelling,Meevee,"[{},{}]",edwellingf2@howstuffworks.com,880-106-0932,2478147.89
inv456,Kerrie Baitman,Divavu,"[{},{}]",kbaitmanf3@google.com.hk,197-783-0661,5336229.02
inv123,Giuseppe Geri,Roombo,"[{},{}]",ggerif4@independent.co.uk,189-986-2186,5207570.97
inv123,Carlina Wellsman,Dynabox,"[{},{}]",cwellsmanf5@weather.com,987-634-7118,2884094.97
inv456,Kania Tosdevin,Edgepulse,"[{},{}]",ktosdevinf6@hao123.com,703-914-8330,8825209.99
inv123,Esdras Fettis,Flipstorm,"[{},{}]",efettisf7@squidoo.com,704-113-2998,1232728.91
inv789,Camey Dallaway,Gigaclub,"[{},{}]",cdallawayf8@nymag.com,802-205-2493,2128528.37
inv123,Abey Plastow,Skibox,"[{},{}]",aplastowf9@xrea.com,833-205-8549,364180.57
inv123,Shandie Batch,Abatz,"[{},{}]",sbatchfa@msu.edu,719-134-7781,2200612.56
inv123,Kimbra Canto,Brainlounge,"[{},{}]",kcantofb@e-recht24.de,221-732-7006,6875723.41
inv789,Juditha Durnin,Quinu,"[{},{}]",jdurninfc@google.it,985-613-0844,9455086.62
inv789,Ira Mouat,Yakijo,"[{},{}]",imouatfd@blogs.com,662-871-6558,2358901.53
inv789,Bertina Janeczek,Kazio,"[{},{}]",bjaneczekfe@state.gov,536-694-3144,7913400.19
inv123,Al Crossgrove,Eayo,"[{},{}]",acrossgroveff@va.gov,569-606-3159,8172278.06
inv456,Editha Kinkead,Trupe,"[{},{}]",ekinkeadfg@csmonitor.com,277-156-6179,4234814.37
inv123,Berny Bonner,Ainyx,"[{},{}]",bbonnerfh@devhub.com,531-769-3488,9648829.16
inv789,Gayle Justun,Eare,"[{},{}]",gjustunfi@gmpg.org,424-382-9483,8802011.17
inv789,Vern Pieroni,Linktype,"[{},{}]",vpieronifj@utexas.edu,845-274-2532,4407749.64
inv789,Mortie Ebanks,Oyoloo,"[{},{}]",mebanksfk@latimes.com,434-142-4964,2727070.57
inv123,Diane Brambill,Gabcube,"[{},{}]",dbrambillfl@marketwatch.com,139-619-7130,1940888.46
inv456,Ramsay Livick,Kwideo,"[{},{}]",rlivickfm@chicagotribune.com,229-350-8510,8624069.05
inv123,Pegeen Chaney,Browseblab,"[{},{}]",pchaneyfn@uol.com.br,303-874-4513,9261292.18
inv123,Marquita Ledamun,Oyope,"[{},{}]",mledamunfo@shop-pro.jp,793-319-2713,4722320.24
inv789,Elston Timoney,Skipstorm,"[{},{}]",etimoneyfp@hubpages.com,849-705-8735,3064619.3
inv456,Ilsa Matyas,Kwinu,"[{},{}]",imatyasfq@unc.edu,929-326-2588,5697761.13
inv123,Sean Dightham,Teklist,"[{},{}]",sdighthamfr@xrea.com,274-658-4170,269360.95
inv456,Jordanna Elcom,Abata,"[{},{}]",jelcomfs@state.tx.us,987-977-5248,8401943.89
inv456,Roderigo Lewsie,BlogXS,"[{},{}]",rlewsieft@google.cn,577-853-4286,4790178.44
inv456,Annabelle Pensom,BlogXS,"[{},{}]",apensomfu@scientificamerican.com,979-793-6621,2773287.76
inv789,Betty Madner,Yoveo,"[{},{}]",bmadnerfv@google.ca,674-403-4139,8935916.09
inv789,Rockwell Ashmore,Roombo,"[{},{}]",rashmorefw@deviantart.com,659-816-8083,7725764.6
inv789,Moyra Dreye,Dynabox,"[{},{}]",mdreyefx@deliciousdays.com,432-951-4555,5117384.12
inv456,Kerby Tebb,Dabfeed,"[{},{}]",ktebbfy@creativecommons.org,335-215-4520,9415730.26
inv123,Pammie Lethieulier,Wordware,"[{},{}]",plethieulierfz@usda.gov,516-505-2030,8305317.39
inv123,Stevena Molines,Devify,"[{},{}]",smolinesg0@google.es,645-173-2891,5177221.09
inv123,Winifield Wylder,Meemm,"[{},{}]",wwylderg1@clickbank.net,573-194-1483,1316596.35
inv456,Guillaume Bartel,Edgeify,"[{},{}]",gbartelg2@cafepress.com,550-789-3175,4736768.79
inv456,Mara Dabell,JumpXS,"[{},{}]",mdabellg3@pen.io,923-593-0561,8523788.21
inv789,Elvera Mileham,Aimbu,"[{},{}]",emilehamg4@hugedomains.com,345-416-9595,765462.86
inv789,Gilberte Kighly,Kamba,"[{},{}]",gkighlyg5@senate.gov,992-478-0019,7523972.16
inv456,Junina Heffer,Einti,"[{},{}]",jhefferg6@desdev.cn,903-576-5619,3742651.78
inv456,Kelcey Raine,Yodoo,"[{},{}]",kraineg7@craigslist.org,461-359-1528,3996918.16
inv123,Weidar Aggas,Gabvine,"[{},{}]",waggasg8@gravatar.com,470-694-0407,2743599.13
inv123,Sullivan Wyvill,Meejo,"[{},{}]",swyvillg9@google.nl,206-540-1483,6446246.03
inv789,Gerladina Stebbing,Meetz,"[{},{}]",gstebbingga@ucsd.edu,497-165-4759,7918958.22
inv456,Ramon Jobbins,Demivee,"[{},{}]",rjobbinsgb@phpbb.com,837-706-1172,5597463.22
inv123,Callean Bengtsen,Dynabox,"[{},{}]",cbengtsengc@cargocollective.com,742-111-1832,9221076.06
inv789,Bunny Dudson,Shuffletag,"[{},{}]",bdudsongd@sciencedaily.com,573-228-1247,6962844.14
inv123,Galina Capstack,Gigashots,"[{},{}]",gcapstackge@alexa.com,921-145-1971,7793764.35
inv456,Julee Gissing,Twitternation,"[{},{}]",jgissinggf@dailymotion.com,511-274-1191,8171553.74
inv789,Constantino Dumblton,Yadel,"[{},{}]",cdumbltongg@japanpost.jp,239-919-0795,7420155.78
inv456,Tina Richardin,Flashspan,"[{},{}]",trichardingh@unblog.fr,675-980-3985,5410979.35
inv456,Merilyn Glewe,Yata,"[{},{}]",mglewegi@t-online.de,728-154-6787,754069.12
inv789,Conny Baylis,Layo,"[{},{}]",cbaylisgj@examiner.com,978-196-2480,1873264.1
inv123,Herschel Rainsden,Bubbletube,"[{},{}]",hrainsdengk@goo.gl,897-814-7082,9489041.01
inv123,Chancey Rippon,Brainlounge,"[{},{}]",crippongl@fc2.com,679-970-1123,6601488.76
inv123,Gard Redfearn,Twiyo,"[{},{}]",gredfearngm@wp.com,459-728-6422,3260938.75
inv789,Eddy Braine,Youbridge,"[{},{}]",ebrainegn@tripod.com,244-869-9817,3943441.98
inv456,Ninnetta Bakhrushin,Photobean,"[{},{}]",nbakhrushingo@a8.net,964-447-9580,4531901.21
inv123,Carson Manion,Fadeo,"[{},{}]",cmaniongp@vimeo.com,993-220-6637,3610964.63
inv789,Jo-ann Elms,Zoomlounge,"[{},{}]",jelmsgq@ebay.com,165-186-5647,4193347.19
inv456,Lorianne Vasyutin,Realpoint,"[{},{}]",lvasyutingr@pen.io,382-166-6936,110816.27
inv123,Ellette Gaize,Thoughtstorm,"[{},{}]",egaizegs@shinystat.com,148-660-7971,6958605.62
inv789,Matty Backler,Bluejam,"[{},{}]",mbacklergt@joomla.org,507-766-7797,6878611.97
inv789,Dall Westmerland,Zoombox,"[{},{}]",dwestmerlandgu@vinaora.com,718-651-1359,2844628.61
inv123,Vite Coade,Feedfish,"[{},{}]",vcoadegv@unc.edu,577-289-2293,5513454.25
inv456,Madelyn Shewon,Jatri,"[{},{}]",mshewongw@technorati.com,346-319-4228,9278337.08
inv789,Xylia Buyers,Babblestorm,"[{},{}]",xbuyersgx@narod.ru,727-871-0779,3012049.23
inv789,Stavros Derham,Blogtags,"[{},{}]",sderhamgy@last.fm,620-971-6120,4690969.58
inv789,Jocelyn Blucher,Kamba,"[{},{}]",jbluchergz@bing.com,147-707-0889,7334515.79
inv123,Ban Livingstone,Jetwire,"[{},{}]",blivingstoneh0@google.co.uk,160-827-2925,4673514.63
inv123,Myca Di Boldi,Quire,"[{},{}]",mdih1@state.tx.us,414-640-1695,7540125.36
inv789,Ingrid Verbruggen,Realcube,"[{},{}]",iverbruggenh2@squidoo.com,485-311-7167,7817366.13
inv123,Ximenes Hallihane,Snaptags,"[{},{}]",xhallihaneh3@theguardian.com,486-599-5541,6419417.51
inv456,Rutger Drury,Bubbletube,"[{},{}]",rdruryh4@salon.com,412-952-2405,6497425.95
inv456,Christine Broadhurst,Tagchat,"[{},{}]",cbroadhursth5@sourceforge.net,127-858-3839,7204176.53
inv456,Ty Piner,Browsetype,"[{},{}]",tpinerh6@altervista.org,264-110-2839,8953023.49
inv456,Marjory Segoe,Centidel,"[{},{}]",msegoeh7@jimdo.com,149-818-3920,2842603.1
inv123,Curcio Axtonne,Kwideo,"[{},{}]",caxtonneh8@weibo.com,291-597-9166,8783872.08
inv123,Corine Ragsdale,Teklist,"[{},{}]",cragsdaleh9@parallels.com,204-304-1989,9015244.52
inv789,Beatrice Jemmison,Ailane,"[{},{}]",bjemmisonha@phoca.cz,428-878-7441,441595.43
inv456,Jacinta Baud,Bluejam,"[{},{}]",jbaudhb@fema.gov,590-937-7040,6506187.96
inv789,Bette-ann Engley,Rhynoodle,"[{},{}]",bengleyhc@scientificamerican.com,792-548-4946,1551395.84
inv456,Arabele Ebbers,Voonyx,"[{},{}]",aebbershd@flavors.me,145-326-4739,4346394.02
inv789,Nadeen Calderon,Kanoodle,"[{},{}]",ncalderonhe@ezinearticles.com,497-568-9044,663877.67
inv123,Charita Hurche,Realfire,"[{},{}]",churchehf@yahoo.co.jp,537-203-0000,158807.01
inv789,Scarlett Malyon,Zazio,"[{},{}]",smalyonhg@howstuffworks.com,250-502-4800,328707.81
inv456,Callie Milillo,Livetube,"[{},{}]",cmilillohh@wikipedia.org,811-983-1903,7652670.6
inv456,Carissa Hayselden,Photolist,"[{},{}]",chayseldenhi@cnbc.com,485-445-9499,3595473.02
inv456,Regina Doubleday,Avamba,"[{},{}]",rdoubledayhj@youtu.be,150-457-9448,799705.72
inv456,Kimbell Cluff,Yambee,"[{},{}]",kcluffhk@tmall.com,170-486-6804,5945946.38
inv456,Bria Derycot,Thoughtsphere,"[{},{}]",bderycothl@squidoo.com,211-422-7247,6199332.07
inv123,Kincaid Mepham,Yata,"[{},{}]",kmephamhm@yale.edu,110-838-7720,6965608.28
inv123,Clotilda Lacknor,Photobug,"[{},{}]",clacknorhn@google.es,442-608-9374,1746468.83
inv789,Dyna Keymar,Feedfire,"[{},{}]",dkeymarho@tuttocitta.it,354-722-4697,115790.46
inv789,Cynthie Ciccoloi,Buzzster,"[{},{}]",cciccoloihp@jugem.jp,974-101-7854,2630324.78
inv123,Cobby Say,Tagcat,"[{},{}]",csayhq@histats.com,581-980-0510,852731.35
inv456,Kelwin O'Nolan,Yoveo,"[{},{}]",konolanhr@intel.com,238-685-7720,8981231.46
inv123,Frank MacCaughey,Wikizz,"[{},{}]",fmaccaugheyhs@ameblo.jp,204-125-3416,578756.9
inv123,Henrie Sayburn,Meezzy,"[{},{}]",hsayburnht@auda.org.au,533-455-1978,1757020.51
inv123,Fidelity Richold,Yabox,"[{},{}]",fricholdhu@yahoo.co.jp,227-529-1418,9774268.98
inv123,Biddy Grinval,Jaxbean,"[{},{}]",bgrinvalhv@moonfruit.com,110-151-6789,1714444.85
inv789,Torin Woodes,Thoughtbeat,"[{},{}]",twoodeshw@woothemes.com,464-793-3580,4351532.39
inv789,Bettine Mulcock,Aivee,"[{},{}]",bmulcockhx@dagondesign.com,248-807-4242,8175046.12
inv789,Mariel Chable,Zoonoodle,"[{},{}]",mchablehy@comcast.net,908-271-7287,9160983.14
inv456,Deeyn Meale,Zoozzy,"[{},{}]",dmealehz@state.gov,402-122-3674,4974504.68
inv456,Carry Caunter,Blogtags,"[{},{}]",ccaunteri0@jiathis.com,945-867-2942,4307663.64
inv789,Corenda Goddman,Oyoba,"[{},{}]",cgoddmani1@deviantart.com,668-438-0052,7278662.79
inv789,Tessi Lartice,Realbuzz,"[{},{}]",tlarticei2@rambler.ru,407-876-6593,4875733.88
inv789,Claudetta Braisby,Aibox,"[{},{}]",cbraisbyi3@posterous.com,106-122-8336,8681664.37
inv789,Maurizio Harlow,Devpoint,"[{},{}]",mharlowi4@sogou.com,851-233-2884,1568946.36
inv123,Haley Lowseley,Quaxo,"[{},{}]",hlowseleyi5@bbc.co.uk,602-124-2031,6549673.94
inv123,Bord Alfonzo,Kwimbee,"[{},{}]",balfonzoi6@wikimedia.org,108-734-8379,9073964.27
inv789,Suzie Orrock,Oba,"[{},{}]",sorrocki7@fastcompany.com,804-398-4545,9964477.26
inv789,Mitchael Patsall,Photofeed,"[{},{}]",mpatsalli8@twitter.com,958-389-5304,7448605.32
inv789,Bertine Hirtzmann,Thoughtstorm,"[{},{}]",bhirtzmanni9@joomla.org,973-164-8667,7159407.06
inv789,Melisandra Harm,Divape,"[{},{}]",mharmia@blogspot.com,296-237-5997,8885119.55
inv123,Renado Scrannage,Babbleset,"[{},{}]",rscrannageib@shareasale.com,118-167-7666,9851491.75
inv456,Jolie Beswell,Podcat,"[{},{}]",jbeswellic@slate.com,532-687-6927,7175812.53
inv456,Anabella Searchwell,Jazzy,"[{},{}]",asearchwellid@stumbleupon.com,854-865-6218,3219692.14
inv123,Rikki Acland,Pixonyx,"[{},{}]",raclandie@deviantart.com,290-287-4944,5370489.36
inv123,Rozanne Gerardot,Feedfire,"[{},{}]",rgerardotif@hugedomains.com,895-452-2702,8806984.5
inv789,Rawley Pharrow,Topiclounge,"[{},{}]",rpharrowig@dailymotion.com,676-185-3053,7524965.95
inv789,Deva Geldert,Minyx,"[{},{}]",dgeldertih@amazon.de,315-359-0847,3198319.53
inv456,Donalt Aughton,Shufflester,"[{},{}]",daughtonii@usda.gov,571-234-8194,3780692.46
inv789,Aime Freezor,Avaveo,"[{},{}]",afreezorij@mit.edu,244-515-0509,6276928.69
inv789,Malvin Bedward,Skippad,"[{},{}]",mbedwardik@e-recht24.de,759-892-0555,3777122.36
inv456,Celinka Kopman,Wikizz,"[{},{}]",ckopmanil@ca.gov,963-772-3985,1760605.11
inv789,Florry Blitzer,Skynoodle,"[{},{}]",fblitzerim@usatoday.com,429-641-1349,5050586.08
inv789,Ricca Brasse,Yakidoo,"[{},{}]",rbrassein@spiegel.de,815-153-3368,7094179.74
inv456,Lyda Bradnock,Pixonyx,"[{},{}]",lbradnockio@indiegogo.com,976-914-0352,2741590.04
inv123,Odessa Barnewille,Trudeo,"[{},{}]",obarnewilleip@tuttocitta.it,335-326-6297,5147483.89
inv123,Chrissie MacIan,Lajo,"[{},{}]",cmacianiq@oaic.gov.au,365-707-1161,5460564.59
inv789,Travis Bescoby,Jabberstorm,"[{},{}]",tbescobyir@discovery.com,485-312-1705,1524606.26
inv456,Lilith Gerardet,Quinu,"[{},{}]",lgerardetis@eventbrite.com,421-782-3401,5316745.87
inv789,Dalston Giraudel,Cogibox,"[{},{}]",dgiraudelit@usnews.com,910-819-9898,826804.88
inv789,Dare McAllaster,Shuffletag,"[{},{}]",dmcallasteriu@intel.com,961-558-6120,3459054.51
inv456,Sal Welburn,Roodel,"[{},{}]",swelburniv@seesaa.net,587-501-3109,1844836.82
inv123,Lisha Cottam,Jetwire,"[{},{}]",lcottamiw@ask.com,171-424-8401,6790672.67
inv456,Babbette Robuchon,Youbridge,"[{},{}]",brobuchonix@stanford.edu,806-220-6352,1368105.83
inv123,Stormy Ogles,Oyonder,"[{},{}]",soglesiy@miitbeian.gov.cn,658-433-4929,1098628.11
inv123,Ryley Hillitt,Yakijo,"[{},{}]",rhillittiz@usa.gov,574-490-5357,8004064.22
inv789,Rolando Maymand,Roodel,"[{},{}]",rmaymandj0@zdnet.com,219-473-6065,8453341.57
inv456,Reina Belcham,Cogibox,"[{},{}]",rbelchamj1@google.com.br,627-505-1833,8080136.46
inv789,Bert Vezey,Innotype,"[{},{}]",bvezeyj2@merriam-webster.com,215-466-5066,2728651.07
inv789,Zedekiah Mosen,Aimbo,"[{},{}]",zmosenj3@ucoz.com,699-958-0069,4602523.45
inv789,Bradan Penner,Tambee,"[{},{}]",bpennerj4@thetimes.co.uk,749-148-4319,4759883.41
inv123,Nita Purton,Skimia,"[{},{}]",npurtonj5@sakura.ne.jp,359-919-8026,340009.56
inv456,Nigel Terzo,Shuffletag,"[{},{}]",nterzoj6@wunderground.com,892-814-2602,9116200.67
inv123,Somerset Measen,Livetube,"[{},{}]",smeasenj7@oracle.com,823-369-2319,8671477.84
inv123,Benny Greydon,Yamia,"[{},{}]",bgreydonj8@aol.com,364-688-3289,8974293.81
inv123,Mathian Domegan,Livepath,"[{},{}]",mdomeganj9@gravatar.com,139-737-0299,3623436.39
inv789,Dukey Motten,Trilith,"[{},{}]",dmottenja@mtv.com,234-153-9261,3006526.4
inv789,Katine Rhoddie,Fliptune,"[{},{}]",krhoddiejb@163.com,369-546-9883,4635903.23
inv456,Darn Tuppeny,Quatz,"[{},{}]",dtuppenyjc@scientificamerican.com,980-757-3957,6008353.82
inv789,Ingelbert Sawkins,JumpXS,"[{},{}]",isawkinsjd@craigslist.org,853-138-7259,7151016.82
inv123,Alford Grichukhin,Oozz,"[{},{}]",agrichukhinje@gizmodo.com,855-159-7110,7743482.61
inv456,Vyky Boken,Gabspot,"[{},{}]",vbokenjf@latimes.com,397-791-1993,3188072.05
inv123,Reid Orrock,Kwimbee,"[{},{}]",rorrockjg@goodreads.com,791-759-9780,4035227.1
inv789,Ritchie Meehan,Skilith,"[{},{}]",rmeehanjh@edublogs.org,770-239-3166,6801083.87
inv456,Philis Pacey,Yozio,"[{},{}]",ppaceyji@g.co,816-507-8754,752301.97
inv789,Warde Vautier,Skinix,"[{},{}]",wvautierjj@people.com.cn,614-994-2772,8086495.62
inv789,Lyon Bonus,Blogtag,"[{},{}]",lbonusjk@barnesandnoble.com,658-465-2406,6725336.84
inv123,Valentin Paylor,Fliptune,"[{},{}]",vpaylorjl@wired.com,420-856-8181,3859913.6
inv123,Roch Dumbelton,Wikibox,"[{},{}]",rdumbeltonjm@blog.com,602-781-7122,8714043.79
inv456,Evey Dyke,Oozz,"[{},{}]",edykejn@arizona.edu,887-400-4148,3089924.09
inv456,Caro Tann,Topicware,"[{},{}]",ctannjo@wp.com,514-210-9520,2000733.73
inv123,Lilith Burden,Gabvine,"[{},{}]",lburdenjp@mtv.com,839-498-5951,4104332.19
inv123,Mischa Hedon,Bubblebox,"[{},{}]",mhedonjq@webnode.com,716-958-8056,5125211.38
inv123,Gardiner Linnitt,Twinder,"[{},{}]",glinnittjr@reverbnation.com,760-999-7315,8588003.24
inv456,Trenna Girardengo,Divape,"[{},{}]",tgirardengojs@hud.gov,227-646-7965,3498969.88
inv123,Harris Caccavari,Meezzy,"[{},{}]",hcaccavarijt@auda.org.au,140-710-0387,3170332.68
inv789,Florenza Cassels,Shuffletag,"[{},{}]",fcasselsju@oracle.com,737-160-5274,3505590.57
inv123,Cletis De la Perrelle,Edgepulse,"[{},{}]",cdejv@theatlantic.com,251-522-5359,1550463.6
inv456,Rodney Ship,Teklist,"[{},{}]",rshipjw@behance.net,284-102-8641,5021521.94
inv456,Amelina MacCracken,Rhyloo,"[{},{}]",amaccrackenjx@storify.com,248-398-6478,3869771.05
inv123,Stevy Demange,Fiveclub,"[{},{}]",sdemangejy@rediff.com,610-996-4142,4110447.33
inv789,Christina Gammage,Layo,"[{},{}]",cgammagejz@kickstarter.com,622-661-9706,1874104.74
inv123,Monro Denerley,Dynava,"[{},{}]",mdenerleyk0@huffingtonpost.com,301-889-1331,7263992.61
inv456,Joy Creasey,Meeveo,"[{},{}]",jcreaseyk1@va.gov,923-898-5166,6755179.66
inv789,Lorene Kesten,Blogtag,"[{},{}]",lkestenk2@google.pl,652-986-0179,2832354.26
inv456,Gregg Borge,Zoonoodle,"[{},{}]",gborgek3@java.com,436-515-0718,7614109.34
inv789,Gifford Rettie,Zava,"[{},{}]",grettiek4@theguardian.com,422-161-4777,6885079.04
inv789,Janene Colebourne,Yodoo,"[{},{}]",jcolebournek5@fotki.com,830-574-1545,856708.43
inv456,Winston Itscowicz,Youopia,"[{},{}]",witscowiczk6@yellowbook.com,174-814-9439,5942482.04
inv456,Haily Hoyte,Brainlounge,"[{},{}]",hhoytek7@phpbb.com,682-308-9211,1279300.51
inv789,Theodoric Mucklestone,Abata,"[{},{}]",tmucklestonek8@google.cn,616-198-3873,6218210.84
inv789,Lilias Clubb,Topdrive,"[{},{}]",lclubbk9@weibo.com,185-206-0465,1785740.45
inv789,Niki Alishoner,Twitterwire,"[{},{}]",nalishonerka@wordpress.com,308-158-6353,9052796.69
inv456,Derrick Kruschov,Muxo,"[{},{}]",dkruschovkb@purevolume.com,897-721-4832,1453029.17
inv456,Marie-ann McMillan,Flipbug,"[{},{}]",mmcmillankc@tuttocitta.it,937-646-3797,7147408.07
inv789,Zeb Liddiatt,Zoozzy,"[{},{}]",zliddiattkd@google.co.uk,802-645-5574,5429677.29
inv789,Trey Coxon,Quamba,"[{},{}]",tcoxonke@theatlantic.com,402-389-6965,1764121.32
inv123,Emmalee Halleday,Flipopia,"[{},{}]",ehalledaykf@gizmodo.com,156-768-5653,8023961.35
inv789,Bank Arran,Brainverse,"[{},{}]",barrankg@whitehouse.gov,823-138-2026,4750593.01
inv789,Janetta Baulch,Bubblebox,"[{},{}]",jbaulchkh@is.gd,925-738-4153,5556281.85
inv456,Iolande Nancarrow,Twitterworks,"[{},{}]",inancarrowki@technorati.com,226-183-0030,6934246.25
inv456,Raynor Capelle,Wordware,"[{},{}]",rcapellekj@nba.com,891-186-6839,3448596.98
inv789,Tatum Credland,Thoughtsphere,"[{},{}]",tcredlandkk@geocities.com,246-990-0081,3187350.2
inv456,Kristofor Helsdon,Avamm,"[{},{}]",khelsdonkl@utexas.edu,615-417-9404,4362547.76
inv789,Hally Klebes,Oozz,"[{},{}]",hklebeskm@slashdot.org,750-988-7005,9841295.18
inv123,Bethany Syers,Katz,"[{},{}]",bsyerskn@who.int,969-997-2953,6455311.28
inv123,Erica Etchingham,Quire,"[{},{}]",eetchinghamko@multiply.com,714-126-9459,3530879.58
inv789,Rachael Cheltnam,Photobean,"[{},{}]",rcheltnamkp@youtube.com,258-888-1855,7448617.35
inv456,Vinny Richarz,Zoomlounge,"[{},{}]",vricharzkq@yahoo.com,880-745-8652,1899474.14
inv123,Pauline D'orsay,Shuffledrive,"[{},{}]",pdorsaykr@netvibes.com,721-705-5167,5909614.04
inv456,Ula Skelding,Photolist,"[{},{}]",uskeldingks@hao123.com,935-764-1805,4163168.35
inv789,Jock Judkin,Avamm,"[{},{}]",jjudkinkt@eepurl.com,528-962-1209,2946098.52
inv456,Grantham Aire,Yacero,"[{},{}]",gaireku@patch.com,161-969-5092,1069343.08
inv123,Brear Formie,Omba,"[{},{}]",bformiekv@jigsy.com,307-687-4996,4119601.44
inv123,Bernadene Scorer,Dablist,"[{},{}]",bscorerkw@sciencedaily.com,394-647-8893,3247447.46
inv789,Ashly Sjostrom,JumpXS,"[{},{}]",asjostromkx@comcast.net,443-158-6837,8136627.29
inv789,Coop Iacovone,Zava,"[{},{}]",ciacovoneky@histats.com,751-341-2563,1063865.7
inv456,Dori Hesbrook,Mudo,"[{},{}]",dhesbrookkz@ning.com,127-740-2848,6107062.14
inv456,Emmanuel Cranstone,Twiyo,"[{},{}]",ecranstonel0@npr.org,715-949-0901,4269184.44
inv123,Deena Maylott,Dabvine,"[{},{}]",dmaylottl1@accuweather.com,134-379-0585,3246107.29
inv123,Helen-elizabeth Marcinkus,Yakitri,"[{},{}]",hmarcinkusl2@flickr.com,873-842-9215,4289825.09
inv456,Forrest Gravenor,Zoomdog,"[{},{}]",fgravenorl3@walmart.com,526-583-9693,312882.51
inv456,Corbet Poacher,Dabvine,"[{},{}]",cpoacherl4@weather.com,980-997-4536,9489106.8
inv789,Barbara Livoir,Jabbersphere,"[{},{}]",blivoirl5@canalblog.com,262-839-1068,3800255.69
inv789,Shirline Whellams,Blogpad,"[{},{}]",swhellamsl6@4shared.com,987-861-5300,5640534.17
inv456,Doria Siggs,Livefish,"[{},{}]",dsiggsl7@cam.ac.uk,757-649-5150,2890830.1
inv789,Malynda Tompkins,Browsezoom,"[{},{}]",mtompkinsl8@mail.ru,229-915-9120,9002912.35
inv789,Bonita Rodbourne,Skynoodle,"[{},{}]",brodbournel9@hexun.com,429-926-8349,5384828.99
inv789,Jacky Crannell,Photobug,"[{},{}]",jcrannellla@youtube.com,512-379-3799,3875039.09
inv789,Buckie Bednell,Roodel,"[{},{}]",bbednelllb@microsoft.com,593-227-1625,5703778.06
inv456,Cass Cakebread,Tagfeed,"[{},{}]",ccakebreadlc@imgur.com,786-792-7597,6063266.82
inv789,Pincus Probert,Eare,"[{},{}]",pprobertld@illinois.edu,959-139-6689,5204219.37
inv789,Enrique Milmo,Kwilith,"[{},{}]",emilmole@google.it,186-563-1467,5505254.77
inv789,Hamnet Warden,Dabtype,"[{},{}]",hwardenlf@tripadvisor.com,201-955-9582,5109284.76
inv789,Miller Franz,Topicstorm,"[{},{}]",mfranzlg@bbc.co.uk,989-709-8155,7521018.16
inv789,Toby Huie,Latz,"[{},{}]",thuielh@gnu.org,952-298-2358,6181814.82
inv123,Lorrie Aires,Midel,"[{},{}]",lairesli@mediafire.com,509-274-2760,9199889.04
inv789,Inga Satch,Innojam,"[{},{}]",isatchlj@wsj.com,445-117-0378,435558.58
inv456,Alysa Aird,Browsezoom,"[{},{}]",aairdlk@1und1.de,627-873-5732,7635816.2
inv789,Wyatt Ianitti,Topicshots,"[{},{}]",wianittill@ed.gov,549-832-1668,6583543.78
inv123,Gary Joynes,Feedbug,"[{},{}]",gjoyneslm@nba.com,834-385-6651,2009160.8
inv456,Kirbie Betteridge,Thoughtsphere,"[{},{}]",kbetteridgeln@accuweather.com,315-918-9088,9183511.96
inv789,Ellerey Riccardi,Twinte,"[{},{}]",ericcardilo@jugem.jp,241-766-5743,5418860.55
inv456,Lazar Pride,Katz,"[{},{}]",lpridelp@blogger.com,906-797-6747,3747906.38
inv456,Parrnell Langstone,BlogXS,"[{},{}]",plangstonelq@samsung.com,865-308-6691,953281.66
inv789,Myca Emer,Fivebridge,"[{},{}]",memerlr@twitpic.com,773-850-0541,6584364.29
inv789,Tiena Gonsalo,Skajo,"[{},{}]",tgonsalols@cyberchimps.com,896-895-7096,5250153.26
inv123,Gilli Bredbury,Dabjam,"[{},{}]",gbredburylt@de.vu,568-262-8779,1616194.56
inv456,Charline Willcot,Realcube,"[{},{}]",cwillcotlu@reddit.com,141-873-5333,6796569.26
inv789,Skell Clearley,Tekfly,"[{},{}]",sclearleylv@com.com,991-636-7865,691722.25
inv123,Zahara Satteford,Brainsphere,"[{},{}]",zsattefordlw@japanpost.jp,287-913-5474,5099633.6
inv789,Beatrice Beetham,Meevee,"[{},{}]",bbeethamlx@patch.com,468-319-8161,4467907.68
inv789,Waylin Handling,Avavee,"[{},{}]",whandlingly@blog.com,684-291-8652,6433619.85
inv789,Deeann Valentinuzzi,Kamba,"[{},{}]",dvalentinuzzilz@eepurl.com,713-646-9701,1473289.8
inv456,Bridget Van Velden,Twitterbridge,"[{},{}]",bvanm0@t-online.de,523-627-7902,7350644.61
inv123,Arnuad Pumphrey,Brightdog,"[{},{}]",apumphreym1@tinypic.com,834-488-5349,3559146.31
inv789,Odette Cole,Bluejam,"[{},{}]",ocolem2@google.pl,872-174-1618,8399868.83
inv123,Daniel Hobben,Yakitri,"[{},{}]",dhobbenm3@thetimes.co.uk,821-646-0082,4586603.12
inv789,Codie Ianson,Jabberstorm,"[{},{}]",ciansonm4@illinois.edu,915-579-4906,572727.23
inv456,Claudie Croser,Shuffledrive,"[{},{}]",ccroserm5@squarespace.com,505-825-4734,2522087.22
inv789,Kincaid Heinritz,Skippad,"[{},{}]",kheinritzm6@hhs.gov,280-953-2624,3490733.22
inv123,Ole Neill,Fivechat,"[{},{}]",oneillm7@flavors.me,310-721-5173,5759103.73
inv123,Mirilla Cars,Babblestorm,"[{},{}]",mcarsm8@hatena.ne.jp,990-497-8709,5998631.57
inv123,Tonie Bach,Miboo,"[{},{}]",tbachm9@prlog.org,130-600-6096,6474829.9
inv456,Kelsey Rosenstengel,Voolith,"[{},{}]",krosenstengelma@dmoz.org,368-168-0419,7655289.94
inv789,Isabelita Gurdon,Brainbox,"[{},{}]",igurdonmb@csmonitor.com,501-961-7191,2848884.27
inv456,Tera Cuthill,Yotz,"[{},{}]",tcuthillmc@wikipedia.org,142-870-7975,5148820.71
inv456,Britt Basini-Gazzi,Tagfeed,"[{},{}]",bbasinigazzimd@marriott.com,154-878-7958,5309173.74
inv456,Dewie Flipek,Skimia,"[{},{}]",dflipekme@clickbank.net,395-191-1080,6292942.93
inv456,Zora Sterre,Photofeed,"[{},{}]",zsterremf@symantec.com,597-749-7946,4732975.88
inv789,Beatrisa Fortun,Gabvine,"[{},{}]",bfortunmg@tripadvisor.com,849-569-7213,5787480.95
inv789,Violante Gascoyen,Brainsphere,"[{},{}]",vgascoyenmh@lycos.com,748-836-8581,5947126.69
inv456,Nickie Lacrouts,Photospace,"[{},{}]",nlacroutsmi@illinois.edu,808-792-0351,7403579.76
inv123,Arleta MacLleese,Yozio,"[{},{}]",amaclleesemj@spiegel.de,525-849-5455,7199192.23
inv456,Marlowe Anders,Aimbu,"[{},{}]",mandersmk@patch.com,624-302-7836,8599118.2
inv789,Maxine Rodger,Divavu,"[{},{}]",mrodgerml@techcrunch.com,426-273-6199,7347213.9
inv456,Emmery Wallbrook,Rhyloo,"[{},{}]",ewallbrookmm@php.net,853-422-2902,6782278.96
inv789,Farly Cutten,Browsetype,"[{},{}]",fcuttenmn@thetimes.co.uk,515-325-1965,4072631.49
inv456,Gan Gaffney,Aibox,"[{},{}]",ggaffneymo@amazon.co.uk,647-699-9212,4346137.08
inv789,Calli Drewry,Youspan,"[{},{}]",cdrewrymp@weibo.com,571-178-8933,5814738.62
inv123,Traci Hovey,Tazzy,"[{},{}]",thoveymq@ihg.com,382-856-3719,9360427.53
inv123,Claire Vezey,Jaxspan,"[{},{}]",cvezeymr@spiegel.de,669-203-1443,5018845.08
inv456,Moyna Wigfall,Quaxo,"[{},{}]",mwigfallms@shop-pro.jp,205-335-5226,8278271.0
inv456,Doreen Hales,Gigashots,"[{},{}]",dhalesmt@merriam-webster.com,678-652-4098,6298653.38
inv123,Chad Pirri,Kayveo,"[{},{}]",cpirrimu@woothemes.com,759-421-4021,8731199.44
inv456,Tedmund Ygou,Quire,"[{},{}]",tygoumv@shinystat.com,791-791-7828,3630944.27
inv789,Tally Nann,Browsedrive,"[{},{}]",tnannmw@gov.uk,288-862-3986,771162.84
inv456,Ivonne Favelle,Lazz,"[{},{}]",ifavellemx@globo.com,566-837-7610,9398771.73
inv123,Giffy Jaycocks,Brightdog,"[{},{}]",gjaycocksmy@spiegel.de,112-100-7097,1532841.85
inv456,Colin Bendley,Meejo,"[{},{}]",cbendleymz@eventbrite.com,433-293-1455,5083192.8
inv456,Monti Dinnis,Divavu,"[{},{}]",mdinnisn0@sbwire.com,702-190-9397,8096434.76
inv456,Steffie Illston,Nlounge,"[{},{}]",sillstonn1@addtoany.com,781-995-5397,4054812.3
inv123,Cyrille Claypole,DabZ,"[{},{}]",cclaypolen2@cam.ac.uk,779-475-0859,7042642.75
inv123,Kip Pattison,Rhybox,"[{},{}]",kpattisonn3@cisco.com,205-343-7682,5103943.27
inv789,Udell Insole,Bubblemix,"[{},{}]",uinsolen4@dailymotion.com,331-476-4089,8063516.41
inv456,Sheelagh Shambrook,Buzzshare,"[{},{}]",sshambrookn5@amazon.com,633-205-3708,402989.05
inv123,Conrad Orsman,Meemm,"[{},{}]",corsmann6@webeden.co.uk,111-233-8872,1659611.65
inv456,Seymour Stegers,Skippad,"[{},{}]",sstegersn7@dagondesign.com,738-157-1939,1642435.44
inv456,Archaimbaud Elloy,Innotype,"[{},{}]",aelloyn8@studiopress.com,183-778-8831,3888595.75
inv456,Damita Thumnel,Skimia,"[{},{}]",dthumneln9@liveinternet.ru,124-313-2277,7273392.16
inv456,Javier Sambell,Jabbersphere,"[{},{}]",jsambellna@sciencedaily.com,391-848-2243,4696791.47
inv456,Remington Arnaudot,Jazzy,"[{},{}]",rarnaudotnb@google.nl,415-585-5358,6413808.71
inv456,Karyl Fogden,Divanoodle,"[{},{}]",kfogdennc@acquirethisname.com,574-732-1411,7453503.94
inv789,Colet Mence,Myworks,"[{},{}]",cmencend@addtoany.com,273-134-3643,563799.72
inv456,Tobye Kremer,Dabvine,"[{},{}]",tkremerne@sciencedirect.com,523-774-2749,8131610.68
inv456,Ashla Leaton,Zoomcast,"[{},{}]",aleatonnf@ocn.ne.jp,800-590-4192,164016.88
inv789,Esther Piniur,Voomm,"[{},{}]",epiniurng@nydailynews.com,346-563-8708,1123619.11
inv123,Albina Atkirk,Youspan,"[{},{}]",aatkirknh@amazon.com,786-716-2783,9062095.92
inv789,Krystal Uttley,Devcast,"[{},{}]",kuttleyni@gizmodo.com,176-804-0488,4730601.74
inv123,Conan Bowkley,Blogspan,"[{},{}]",cbowkleynj@nytimes.com,770-273-5016,4447888.64
inv456,Saidee Whyler,Jabberbean,"[{},{}]",swhylernk@ycombinator.com,566-183-6169,3726008.6
inv456,Claudius Guiso,Wordtune,"[{},{}]",cguisonl@indiatimes.com,562-468-5680,4197727.65
inv456,Balduin Trainor,Zoonder,"[{},{}]",btrainornm@utexas.edu,654-447-1367,8266630.12
inv123,Maybelle Yearn,Flipstorm,"[{},{}]",myearnnn@bing.com,795-570-7674,5291227.11
inv456,Pierson Moston,Zoonoodle,"[{},{}]",pmostonno@google.com.br,343-389-3593,3726552.18
inv123,Derril Torfin,Riffpedia,"[{},{}]",dtorfinnp@constantcontact.com,556-338-0824,138580.69
inv123,Sophia Escalante,Babblestorm,"[{},{}]",sescalantenq@discuz.net,833-925-9831,7201571.66
inv123,Isabella Eastwood,Devcast,"[{},{}]",ieastwoodnr@umich.edu,450-849-2151,8248704.13
inv456,Jonas Chewter,Jatri,"[{},{}]",jchewterns@feedburner.com,720-164-8296,3936595.07
inv456,Codie Aked,Skynoodle,"[{},{}]",cakednt@eepurl.com,876-299-0136,6516717.8
inv789,Alvan Habin,Npath,"[{},{}]",ahabinnu@cyberchimps.com,176-732-3623,6270738.96
inv456,Kean Stork,Rhycero,"[{},{}]",kstorknv@examiner.com,393-285-1889,857912.8
inv789,Phillipp Rosendahl,Gigabox,"[{},{}]",prosendahlnw@thetimes.co.uk,865-169-8248,5756325.69
inv789,Karon Kornes,Mynte,"[{},{}]",kkornesnx@timesonline.co.uk,517-382-0510,4967796.73
inv123,Stormi Biggin,Youopia,"[{},{}]",sbigginny@domainmarket.com,492-585-2998,2016797.31
inv123,Leicester Butting,Kamba,"[{},{}]",lbuttingnz@booking.com,926-577-3637,9041617.1
inv456,Bryan Pautard,Browsezoom,"[{},{}]",bpautardo0@t.co,958-317-4005,3464639.88
inv789,Merwin Ablett,Bubblebox,"[{},{}]",mabletto1@webs.com,519-108-5799,3671395.2
inv456,Brett Maycock,Eayo,"[{},{}]",bmaycocko2@soundcloud.com,689-410-4577,5937101.15
inv789,Fernande McFaul,Photofeed,"[{},{}]",fmcfaulo3@jimdo.com,290-891-2448,1055427.86
inv123,Dev Baack,Flashset,"[{},{}]",dbaacko4@uiuc.edu,151-526-4613,8162964.78
inv789,Joceline Lilburn,Rhyzio,"[{},{}]",jlilburno5@tmall.com,602-484-9309,9290429.96
inv789,Eugen Tourmell,Kare,"[{},{}]",etourmello6@wufoo.com,895-645-7742,7012890.35
inv456,Arabelle Bollini,Izio,"[{},{}]",abollinio7@linkedin.com,207-986-8985,1940264.83
inv456,Addy Canet,Dabfeed,"[{},{}]",acaneto8@sun.com,440-663-2975,3233373.85
inv456,Danice Ollett,Eayo,"[{},{}]",dolletto9@google.ca,485-816-9663,3164603.17
inv789,Lucina Alldritt,Avavee,"[{},{}]",lalldrittoa@example.com,810-115-3284,3629265.81
inv789,Garrik Ortiger,Zoonder,"[{},{}]",gortigerob@issuu.com,345-373-8690,5644619.29
inv123,Deina Redmond,Agivu,"[{},{}]",dredmondoc@desdev.cn,243-452-9715,5369253.77
inv789,Pepe Blaza,Yozio,"[{},{}]",pblazaod@yahoo.co.jp,667-225-2305,9876118.66
inv123,Wood Skirrow,Leenti,"[{},{}]",wskirrowoe@wix.com,919-773-4470,821525.6
inv456,Morty Arnholtz,Quimba,"[{},{}]",marnholtzof@ehow.com,693-269-8300,8735140.97
inv789,Gabriellia Burnsides,Centizu,"[{},{}]",gburnsidesog@cocolog-nifty.com,608-159-4195,3596168.35
inv456,Sherie Flahive,Quaxo,"[{},{}]",sflahiveoh@linkedin.com,115-469-0163,1176668.82
inv789,Sibyl Rowbury,Jatri,"[{},{}]",srowburyoi@taobao.com,851-965-5552,9914516.68
inv789,Gisella McCoid,Twinder,"[{},{}]",gmccoidoj@weebly.com,796-976-6249,1856738.97
inv456,Jaine Paskell,Gabtune,"[{},{}]",jpaskellok@ibm.com,215-768-3198,4417896.84
inv456,Chloris Wilmut,Jabbercube,"[{},{}]",cwilmutol@photobucket.com,903-417-6289,1598329.9
inv123,Howey Piesold,Meedoo,"[{},{}]",hpiesoldom@pagesperso-orange.fr,315-397-2109,8046169.86
inv789,Angeline Urquhart,Kazu,"[{},{}]",aurquharton@china.com.cn,137-872-3144,3236213.33
inv456,Sylvester Tooker,Kayveo,"[{},{}]",stookeroo@feedburner.com,155-901-8656,1866500.11
inv456,Jaquith Steinor,Meeveo,"[{},{}]",jsteinorop@illinois.edu,366-916-2909,8767416.27
inv789,Dorri Haddick,Twitterworks,"[{},{}]",dhaddickoq@go.com,722-288-4192,3120212.51
inv456,Reese Dorkin,Oyope,"[{},{}]",rdorkinor@redcross.org,254-419-0490,7963012.65
inv789,Stefan Cranny,Brightbean,"[{},{}]",scrannyos@amazon.co.uk,275-728-4792,385200.9
inv123,Guthrey Matuszyk,Devshare,"[{},{}]",gmatuszykot@mapy.cz,599-401-8616,3989089.94
inv123,Dion Asplin,Feedfire,"[{},{}]",dasplinou@apache.org,713-469-9704,4232697.69
inv789,Gothart Muckeen,Oyope,"[{},{}]",gmuckeenov@stanford.edu,454-469-4224,2334095.3
inv789,Sarene Boar,Fivespan,"[{},{}]",sboarow@amazonaws.com,937-222-4508,9299076.06
inv456,Reina Pleager,Quatz,"[{},{}]",rpleagerox@blogspot.com,930-713-7741,7012898.35
inv789,Sharon Roubert,Zoonder,"[{},{}]",sroubertoy@nytimes.com,813-818-3331,2245134.67
inv789,Elmore Leverentz,Edgeblab,"[{},{}]",eleverentzoz@house.gov,822-792-8155,1182254.65
inv789,Dewitt Ghiroldi,Fanoodle,"[{},{}]",dghiroldip0@wufoo.com,349-154-7377,1882737.29
inv789,Ronna Bentote,Thoughtmix,"[{},{}]",rbentotep1@etsy.com,913-544-5154,4667745.01
inv456,Claire Wylder,Brainsphere,"[{},{}]",cwylderp2@pen.io,279-964-9711,6053498.17
inv123,Mahmoud Williment,Feedmix,"[{},{}]",mwillimentp3@prnewswire.com,132-645-7652,9484066.48
inv123,Lorilee Clorley,Vinder,"[{},{}]",lclorleyp4@google.it,783-102-4265,7803932.87
inv123,Rhona Braidman,Yakijo,"[{},{}]",rbraidmanp5@fotki.com,475-355-5498,4540174.18
inv123,Nani Huckerby,Talane,"[{},{}]",nhuckerbyp6@pen.io,728-661-0129,5518020.08
inv456,Miguela Kinnane,Livepath,"[{},{}]",mkinnanep7@psu.edu,932-773-2885,4127408.74
inv456,Dana Jeannenet,Twitterbridge,"[{},{}]",djeannenetp8@reddit.com,943-135-1577,9024513.65
inv123,Fleurette Seymark,Yamia,"[{},{}]",fseymarkp9@cam.ac.uk,938-369-4684,3043369.03
inv789,Salvatore Janoch,Realcube,"[{},{}]",sjanochpa@nyu.edu,229-147-1419,7470705.51
inv123,Augie Ashborn,Viva,"[{},{}]",aashbornpb@who.int,294-971-0565,148112.23
inv123,Egbert Kochlin,Vipe,"[{},{}]",ekochlinpc@seesaa.net,535-687-3128,1044721.23
inv123,Sumner O'Scanlon,Twimm,"[{},{}]",soscanlonpd@amazonaws.com,955-533-2011,4241984.84
inv456,Kurt O'Leagham,Jatri,"[{},{}]",koleaghampe@si.edu,488-164-9370,7965227.85
inv456,Vale Bumby,Skipfire,"[{},{}]",vbumbypf@e-recht24.de,430-190-5531,8195480.83
inv123,Lexis Hebner,Edgepulse,"[{},{}]",lhebnerpg@walmart.com,500-185-5204,4271071.24
inv123,Idalina Corson,Photojam,"[{},{}]",icorsonph@earthlink.net,148-966-0311,4258012.76
inv123,Jorgan Royds,Camimbo,"[{},{}]",jroydspi@geocities.com,928-882-9512,2976513.69
inv123,Gayel Stadden,Feedspan,"[{},{}]",gstaddenpj@accuweather.com,622-205-8320,7829823.39
inv789,Ceciley Hollingsby,Linkbuzz,"[{},{}]",chollingsbypk@loc.gov,185-632-0383,2089253.51
inv456,Barris Laydel,Edgeclub,"[{},{}]",blaydelpl@flavors.me,130-179-5673,1460053.28
inv123,Addi Bullent,Dazzlesphere,"[{},{}]",abullentpm@paypal.com,836-258-3080,7865862.31
inv789,Kenneth Georgeon,Quatz,"[{},{}]",kgeorgeonpn@usatoday.com,963-718-2527,1525276.16
inv123,Adi Kleeman,Dabshots,"[{},{}]",akleemanpo@patch.com,205-277-0847,1857655.23
inv456,Lou Wanell,Bubblemix,"[{},{}]",lwanellpp@smugmug.com,202-188-5096,8720114.78
inv789,Cobb Aberdein,Skinix,"[{},{}]",caberdeinpq@apache.org,515-578-3582,7521381.13
inv789,Trueman Tregensoe,Jaxworks,"[{},{}]",ttregensoepr@dedecms.com,821-357-0366,4605914.83
inv789,Nikolaus Eskrigg,Devcast,"[{},{}]",neskriggps@google.com,119-970-2547,3274322.5
inv456,Marabel Sharman,Trilith,"[{},{}]",msharmanpt@newyorker.com,651-742-0020,4269858.17
inv789,Lorinda Ferroni,Tazz,"[{},{}]",lferronipu@github.com,720-772-3562,3436807.84
inv456,Tamarah Spink,Zoomdog,"[{},{}]",tspinkpv@ftc.gov,537-170-6938,5351702.1
inv789,Reggie Crum,Oyoyo,"[{},{}]",rcrumpw@youtube.com,454-208-5104,7303446.84
inv789,Hoyt De Bruijn,Dynazzy,"[{},{}]",hdepx@shareasale.com,967-557-2669,2137528.3
inv123,Caralie Oram,Mymm,"[{},{}]",corampy@jalbum.net,693-409-4814,1593600.93
inv789,Dian Lemonby,Quaxo,"[{},{}]",dlemonbypz@trellian.com,614-291-5647,4278162.52
inv123,Aubrey Arthan,Realcube,"[{},{}]",aarthanq0@vimeo.com,753-671-9784,2957568.31
inv123,Carla Rothman,Brainsphere,"[{},{}]",crothmanq1@spiegel.de,327-556-1113,4855987.04
inv456,Hugibert Shilleto,Thoughtstorm,"[{},{}]",hshilletoq2@reverbnation.com,684-368-4819,7782260.09
inv123,Francyne Gainseford,Yozio,"[{},{}]",fgainsefordq3@blog.com,387-443-1082,5266313.68
inv123,Lauritz Nancarrow,Wikibox,"[{},{}]",lnancarrowq4@over-blog.com,535-696-6111,9493504.07
inv789,Nealy Tizzard,Jatri,"[{},{}]",ntizzardq5@a8.net,370-853-5263,8882015.03
inv789,Nikolai Slorance,Skinte,"[{},{}]",nsloranceq6@wikimedia.org,247-440-5562,7295229.21
inv789,Ronald Taunton,Topicblab,"[{},{}]",rtauntonq7@archive.org,226-882-6959,2321427.74
inv456,Filippo Jaggli,Skidoo,"[{},{}]",fjaggliq8@123-reg.co.uk,323-204-3928,7022526.08
inv789,Palm Lafond,Livetube,"[{},{}]",plafondq9@xrea.com,521-476-4712,3317057.33
inv123,Ernestus Hartigan,Yamia,"[{},{}]",ehartiganqa@free.fr,304-717-7289,9324041.9
inv789,Adelbert Elph,Rhynoodle,"[{},{}]",aelphqb@moonfruit.com,843-982-7957,7843389.58
inv123,Pippy De Beauchamp,Buzzdog,"[{},{}]",pdeqc@networkadvertising.org,288-730-6093,4373966.79
inv123,Rockwell Jutson,Realpoint,"[{},{}]",rjutsonqd@slate.com,180-993-2167,3451212.39
inv789,Olly Capper,Shufflester,"[{},{}]",ocapperqe@sina.com.cn,575-863-3021,2512095.67
inv789,Radcliffe Battrum,Kayveo,"[{},{}]",rbattrumqf@over-blog.com,443-295-6311,7888680.53
inv789,Tobiah Vasilov,Wikido,"[{},{}]",tvasilovqg@hatena.ne.jp,267-507-1988,793195.72
inv456,Nicolai Cossington,Demivee,"[{},{}]",ncossingtonqh@themeforest.net,612-288-5506,9674672.09
inv123,Pyotr Batho,Devcast,"[{},{}]",pbathoqi@blogger.com,106-731-5780,4481207.98
inv456,Berton Kemp,Yodoo,"[{},{}]",bkempqj@spotify.com,415-215-2794,2411571.07
inv789,Gordon Pimlett,Yodel,"[{},{}]",gpimlettqk@sciencedirect.com,607-344-6380,4816973.52
inv456,Jackelyn Londors,Midel,"[{},{}]",jlondorsql@photobucket.com,818-559-4816,8446465.31
inv123,Llewellyn Truett,Miboo,"[{},{}]",ltruettqm@youtube.com,709-390-3364,4270756.68
inv456,Peirce Peer,Zoonder,"[{},{}]",ppeerqn@apple.com,185-775-7154,2385602.87
inv123,Rennie Stubbe,Realfire,"[{},{}]",rstubbeqo@noaa.gov,641-635-4173,9064496.02
inv456,Alanah Hadfield,Zazio,"[{},{}]",ahadfieldqp@yale.edu,968-197-0396,5908170.98
inv123,Gale Wardel,Cogibox,"[{},{}]",gwardelqq@admin.ch,778-472-6825,9177903.98
inv123,Eldin Coldridge,Meezzy,"[{},{}]",ecoldridgeqr@scientificamerican.com,816-159-9857,8749418.81
inv123,Siobhan Capaldo,Twitterbeat,"[{},{}]",scapaldoqs@bizjournals.com,336-367-1164,6591968.26
inv789,Inge Blackeby,Voomm,"[{},{}]",iblackebyqt@ocn.ne.jp,148-106-6946,8546498.85
inv456,Georgina Thominga,Oyonder,"[{},{}]",gthomingaqu@wordpress.com,979-761-3702,5904648.51
inv789,Lorne Echalie,Viva,"[{},{}]",lechalieqv@51.la,506-592-3953,1366425.43
inv456,Morten Leele,Riffpath,"[{},{}]",mleeleqw@theglobeandmail.com,869-539-9723,435986.37
inv123,Osbert Sondon,Kwimbee,"[{},{}]",osondonqx@yellowbook.com,593-950-9960,9814418.56
inv789,Cati Wollacott,Yakitri,"[{},{}]",cwollacottqy@go.com,535-110-2977,4447363.79
inv789,Gloria Hubatsch,Flashset,"[{},{}]",ghubatschqz@acquirethisname.com,454-263-8434,1374967.72
inv123,Gusta Brombell,Kanoodle,"[{},{}]",gbrombellr0@addtoany.com,739-678-5819,2274141.75
inv123,Wit Shelmerdine,Roombo,"[{},{}]",wshelmerdiner1@oracle.com,147-217-4974,4060975.83
inv789,Ches Prazer,Vipe,"[{},{}]",cprazerr2@cam.ac.uk,525-148-2950,1375136.92
inv789,Nero Beininck,Jaxworks,"[{},{}]",nbeininckr3@networkadvertising.org,713-790-5480,7224593.1
inv123,Edwin Busfield,Oyoba,"[{},{}]",ebusfieldr4@amazonaws.com,348-796-1550,1974360.13
inv123,Morley Windus,Mybuzz,"[{},{}]",mwindusr5@symantec.com,718-133-1257,4320682.51
inv456,Templeton Greenin,Twimm,"[{},{}]",tgreeninr6@desdev.cn,573-210-7754,3243262.0
inv456,Marris Darrigone,Photojam,"[{},{}]",mdarrigoner7@senate.gov,180-636-4072,2448041.54
inv456,Harmonie Juares,Flipstorm,"[{},{}]",hjuaresr8@hc360.com,528-228-8022,7381726.02
inv123,Malvina Dinkin,Skyba,"[{},{}]",mdinkinr9@bluehost.com,654-170-5297,9029330.74
inv789,Gualterio Dyerson,Skaboo,"[{},{}]",gdyersonra@google.it,460-486-8662,9941803.53
inv789,Zeke Steely,Meedoo,"[{},{}]",zsteelyrb@chicagotribune.com,920-163-9306,3744334.29
inv456,Sandy Verillo,Pixonyx,"[{},{}]",sverillorc@hibu.com,511-815-3544,502029.84
inv456,Kaycee Beadman,Ainyx,"[{},{}]",kbeadmanrd@over-blog.com,519-658-6489,6588978.86
inv789,Elfreda Haslock(e),Fivespan,"[{},{}]",ehaslockere@imdb.com,553-353-4297,8768438.92
inv456,Laney Boissier,Youfeed,"[{},{}]",lboissierrf@cnn.com,880-975-6669,6880461.31
inv123,Selig Schall,Browsedrive,"[{},{}]",sschallrg@meetup.com,734-274-3040,6910281.46
inv123,Orion Ugoni,Ozu,"[{},{}]",ougonirh@netscape.com,618-212-1450,4463729.0
inv456,Donnie Utton,Buzzster,"[{},{}]",duttonri@abc.net.au,467-172-2053,3437102.68
inv123,Mellisent Edgeworth,Skajo,"[{},{}]",medgeworthrj@chicagotribune.com,559-197-9526,405222.2
inv123,Elinore Tamburi,Fivebridge,"[{},{}]",etamburirk@sourceforge.net,928-638-0711,9549885.68
inv456,Randie Cloy,Fiveclub,"[{},{}]",rcloyrl@umich.edu,601-464-2897,4669809.37
inv123,Susannah Blasli,Skaboo,"[{},{}]",sblaslirm@wufoo.com,583-415-9812,2337312.55
inv456,Arnie Curmi,Skynoodle,"[{},{}]",acurmirn@google.cn,352-664-7552,6077418.43
inv123,Archie Pieterick,Brainsphere,"[{},{}]",apieterickro@godaddy.com,696-175-4707,9012120.75
inv123,Natalee Barcke,Twitternation,"[{},{}]",nbarckerp@blog.com,226-850-7299,4893613.69
inv789,Mitchael Clarae,Avavee,"[{},{}]",mclaraerq@cdbaby.com,225-885-3916,4459236.62
inv123,Karlen Aloshechkin,Gigaclub,"[{},{}]",kaloshechkinrr@fda.gov,724-183-1089,4724427.81
